dataset,arm,endpoint,n,estimate,lo,hi,diff,diff_lo,diff_hi,mcnemar_vs_frozen,interval_type,frame,source_file,source_locator,notes
D1,frozen,P1_detection,13,0.8461538461538461,0.5776536898051745,0.9567418216419186,,,,,Wilson 95%,13 paper-variable stars (eligible roster),outputs/generalization/metrics_d1/completeness_by_class_pass_rule.csv,"CSV line 24, column p",
D1,frozen,P2_recovery,4,0.0,0.0,0.4898908364545973,,,,,Wilson 95%,frequency-scorable paper-variable stars,outputs/generalization/metrics_d1/completeness_by_class_pass_rule.csv,"CSV line 26, column p",diagnostic only; non-contemporaneous literature frequencies
D1,frozen,P3_negative_trigger,5,0.0,0.0,0.43448246478317476,,,,,Wilson 95%,five paper-constant stars; transit control excluded,outputs/generalization/metrics_d1/per_star.csv,"CSV lines 8,9,10,11,12, filter label_positive=false; aggregate best_status",0 confirmed + 1 candidate
D1,frozen,census_rate,13,0.6923076923076923,0.42369343180549035,0.8731929634428948,,,,,Wilson 95%,13 paper-variable stars (eligible roster),outputs/generalization/metrics_d1/completeness_by_class_pass_rule.csv,"CSV line 30, column p",
D1,frozen,either_rate,13,1.0,0.7719046276458016,0.9999999999999999,,,,,Wilson 95%,13 paper-variable stars (eligible roster),outputs/generalization/metrics_d1/completeness_by_class_pass_rule.csv,"CSV line 32, column p",
D1,frozen,union_rate,13,1.0,0.7719046276458016,0.9999999999999999,,,,,Wilson 95%,positives with both methods available and usable,outputs/generalization/metrics_d1/contingency_complementarity.json,JSON key $.union_completeness.p,
D1,frozen,incremental_census,13,0.15384615384615385,0.043258178358081184,0.4223463101948254,,,,,Wilson 95%,positives with both methods available and usable,outputs/generalization/metrics_d1/contingency_complementarity.json,JSON key $.incremental_census_only.p,
D1,frozen,mcnemar_p,13,0.6875,,,,,,,exact two-sided McNemar,positives with both methods available and usable,outputs/generalization/metrics_d1/contingency_complementarity.json,JSON key $.mcnemar_exact_p_secondary,secondary marginal-homogeneity test
D1,frozen,chance_match_mean,100,0.0,,,,,,,truth-list permutation calibration,frequency-scorable stars,outputs/generalization/metrics_d1/chance_match.json,JSON key $.accidental_direct_match_rate_mean,calibration; not an observed recovery estimate
D1,frozen,chance_match_p95,100,0.0,,,,,,,truth-list permutation calibration,frequency-scorable stars,outputs/generalization/metrics_d1/chance_match.json,JSON key $.accidental_direct_match_rate_p95,calibration; not an observed recovery estimate
D2,frozen,chance_match_mean,10000,0.0,,,,,,,target-level derangement calibration,nominal arm-B target-equal recovery,generalization/results/2026-09-04_d2/metrics/chance_match.json,JSON key $.accidental_recovery_rate_mean,calibration; not an observed recovery estimate
D2,frozen,chance_match_p95,10000,0.0,,,,,,,target-level derangement calibration,nominal arm-B target-equal recovery,generalization/results/2026-09-04_d2/metrics/chance_match.json,JSON key $.accidental_recovery_rate_p95,calibration; not an observed recovery estimate
D2,frozen,P4_recovery_eligible,103,0.21682847896440124,0.17152103559870543,0.262135922330097,,,,,cluster_bootstrap,"nominal arm-B targets, eligible; scheduled strata",generalization/results/2026-09-04_d2/metrics/d2_cluster_completeness.csv,"CSV line 55, column p",target-equal nominal arm-B estimate
D2,frozen,P4_recovery_usable,103,0.21682847896440124,0.17152103559870543,0.262135922330097,,,,,cluster_bootstrap,"nominal arm-B targets, usable; scheduled strata",generalization/results/2026-09-04_d2/metrics/d2_cluster_completeness.csv,"CSV line 54, column p",target-equal nominal arm-B estimate
D2,frozen,P4_trigger,103,0.5566343042071197,0.5177993527508089,0.6019417475728155,,,,,cluster_bootstrap,"nominal arm-B targets, eligible; scheduled strata",generalization/results/2026-09-04_d2/metrics/d2_cluster_completeness.csv,"CSV line 57, column p",target-equal nominal arm-B estimate; eligible denominator (usable trigger variant remains in source table)
D2,frozen,P5_fpr_upper,1000,0.027755286045479104,,,,,,,exact one-sided Clopper-Pearson 95% upper,completed arm-A Gaussian nulls,generalization/results/2026-09-04_d2/metrics/trigger_rates.csv,"CSV line 2, column cp_one_sided_95_upper",upper bound is the endpoint; observed 19/1000
D2,frozen,control_contrast_trigger,103,0.13915857605177995,0.09061488673139159,0.1909385113268608,,,,,target-cluster bootstrap,nominal injected minus paired-control response,generalization/results/2026-09-04_d2/metrics/d2_paired_controls_summary.csv,"CSV line 2, column paired_diff_b_minus_c",309 scored pairs; 106 unique control windows
D2,frozen,control_contrast_strict_recovery,103,0.21682847896440124,0.17152103559870543,0.262135922330097,,,,,target-cluster bootstrap,nominal injected minus paired-control response,generalization/results/2026-09-04_d2/metrics/d2_paired_controls_summary.csv,"CSV line 3, column paired_diff_b_minus_c",309 scored pairs; 106 unique control windows
D2,v2,P4_recovery_eligible,,,,,,,,,,,,,bundle not available
D2,v2,P4_recovery_usable,,,,,,,,,,,,,bundle not available
D2,v2,P4_trigger,,,,,,,,,,,,,bundle not available
D2,v2,P5_fpr_upper,,,,,,,,,,,,,bundle not available
D2,v2,control_contrast_trigger,,,,,,,,,,,,,bundle not available
D2,v2,control_contrast_strict_recovery,,,,,,,,,,,,,bundle not available
D3,frozen,P1_detection,610,0.5360655737704918,0.4963882978758084,0.5752914483644217,,,,,Wilson 95%,dSct=1 eligible roster,generalization/results/2026-09-02_d3/metrics/completeness_by_class_pass_rule.csv,"CSV line 24, column p",
D3,frozen,P2_recovery,441,0.16326530612244897,0.131703524276826,0.20064287889483925,,,,,Wilson 95%,"Mo-joined, S_best=1, usable",generalization/results/2026-09-02_d3/metrics/completeness_by_class_pass_rule.csv,"CSV line 26, column p",Mo-join-conditioned dominant-direct recovery
D3,frozen,P3_negative_trigger,2314,0.4161624891961971,0.3962338983688841,0.4363689750832922,,,,,Wilson 95%,dSct=0 sampled negative class,generalization/results/2026-09-02_d3/metrics/trigger_rates.csv,"CSV line 2, column p","non-dSct comparison class; not a Gaussian false-positive rate; merged-oid descriptive rates (no intervals): <=1: 0/46=0.000, 2: 107/438=0.244, 3-4: 670/1439=0.466, >=5: 186/391=0.476"
D3,frozen,census_rate,610,0.040983606557377046,0.027911939304727643,0.05980038127416218,,,,,Wilson 95%,dSct=1 eligible roster,generalization/results/2026-09-02_d3/metrics/completeness_by_class_pass_rule.csv,"CSV line 30, column p",
D3,frozen,either_rate,610,0.5475409836065573,0.5078675849305893,0.5866193532951686,,,,,Wilson 95%,dSct=1 eligible roster,generalization/results/2026-09-02_d3/metrics/completeness_by_class_pass_rule.csv,"CSV line 32, column p",
D3,frozen,union_rate,585,0.5709401709401709,0.5304983466149248,0.6104564023360556,,,,,Wilson 95%,positives with both methods available and usable,generalization/results/2026-09-02_d3/metrics/contingency_complementarity.json,JSON key $.union_completeness.p,
D3,frozen,incremental_census,585,0.011965811965811967,0.0058080726976210036,0.024491184519128337,,,,,Wilson 95%,positives with both methods available and usable,generalization/results/2026-09-02_d3/metrics/contingency_complementarity.json,JSON key $.incremental_census_only.p,
D3,frozen,mcnemar_p,585,8.948591379055871e-82,,,,,,,exact two-sided McNemar,positives with both methods available and usable,generalization/results/2026-09-02_d3/metrics/contingency_complementarity.json,JSON key $.mcnemar_exact_p_secondary,secondary marginal-homogeneity test
D3,frozen,ppv,1290,0.09727346142899344,0.09374390140765886,0.10097766514186661,,,,,survey_bootstrap_fpc_rescaled,triggered weighted frame; dSct=2 excluded,generalization/results/2026-09-02_d3/metrics/ppv.csv,"CSV line 2, column p",frame-specific label PPV; no transfer to other prevalences
D3,frozen,chance_match_mean,100,0.0037273546747527506,,,,,,,truth-list permutation calibration,frequency-scorable stars,generalization/results/2026-09-02_d3/metrics/chance_match.json,JSON key $.accidental_direct_match_rate_mean,calibration; not an observed recovery estimate
D3,frozen,chance_match_p95,100,0.00907132549989693,,,,,,,truth-list permutation calibration,frequency-scorable stars,generalization/results/2026-09-02_d3/metrics/chance_match.json,JSON key $.accidental_direct_match_rate_p95,calibration; not an observed recovery estimate
D3,v2,P1_detection,,,,,,,,,,,,,bundle not available
D3,v2,P2_recovery,,,,,,,,,,,,,bundle not available
D3,v2,P3_negative_trigger,,,,,,,,,,,,,bundle not available
D3,v2,chance_match_mean,,,,,,,,,,,,,bundle not available
D3,v2,chance_match_p95,,,,,,,,,,,,,bundle not available
