tic,frequency_per_day,period_s,amp_ppt,snr
375199799,282.7838140180048,305.5337530545469,15.57923595068023,8.402551062272794
375199799,305.6083082706755,282.71482699179774,14.132791011220805,7.62521270889112
375199799,612.8554518719485,140.97940996705472,9.183311579326029,4.955534735289916
375199799,263.3185699275216,328.1196613811992,8.919859819225925,4.814072614790347
375199799,136.53218572397685,632.8178190501716,8.762647467739061,4.729891252538804
375199799,775.6824487744683,111.38578697572288,8.329245830904991,4.496522891694047
375199799,635.7535735254343,135.90171349079085,8.179713471104748,4.416340743108566
375199799,146.95966636441068,587.9164136488782,8.052555180629504,4.348204053961612
375199799,1119.9089544351086,77.14912864821308,7.935192198284628,4.2853262938993275
375199799,711.2860833365907,121.47011170906643,7.914016571276274,4.274382501464447
775564285,101.29098196154423,852.9880777817152,12.02672428715341,6.580207846908815
775564285,96.4616294513875,895.6929350187048,9.913816446944727,5.42502273681347
775564285,137.62112188610735,627.8106065106998,9.661312872727999,5.287639531104943
775564285,101.33288523712042,852.6353493026745,8.824613917020926,4.8303172106900725
775564285,985.3034351547919,87.68872300381912,8.741380842284958,4.785344702473479
775564285,634.7196800465367,136.12308349043988,8.401852175103127,4.599995665623842
775564285,432.7249401314773,199.66494183059703,8.271446605159014,4.529096282724009
775564285,957.2701437943159,90.25665384019786,8.157947531762618,4.467426241390208
775564285,96.71304910484467,893.3644508129973,7.986268974947746,4.3738602306557235
775564285,536.49840209593,161.04428207514218,7.870652825406152,4.310969373748658
88046487,136.6750515623388,632.1563373297294,11.016457472514265,9.731386327582683
88046487,97.53688165871006,885.8187644579517,8.215442419550849,7.259071958850976
88046487,104.11809018657627,829.8269767066797,6.7292534994913416,5.946971132950009
88046487,1151.4337505641884,75.0368833271259,5.749837240104918,5.082086354997528
88046487,97.61901842660853,885.0734354080485,5.654527449557801,4.998485921507366
88046487,739.6924001850637,116.8053098536413,5.570663529061082,4.924964788976511
88046487,432.5624908206486,199.73992621524746,5.539776819558298,4.898261089668284
88046487,847.1786280762204,101.98557557595352,5.4246599578272425,4.797041282566022
88046487,104.1591585705255,829.4997884559436,5.319742914778949,4.704797147932726
88046487,102.85523738013704,840.015561683835,5.187750396336619,4.58855820110545
343296348,299.7177223317567,288.2712417798374,10.765964653762799,13.691954586675795
343296348,300.7715729684089,287.2611901028123,6.9747666199529395,8.875885472580007
343296348,300.24322239464743,287.7666956506136,5.957217743103574,7.584418792870169
343296348,199.25414952355922,433.61706748187106,4.233484228479741,5.39108580023139
343296348,665.565198629932,129.81447975022533,4.194591620477134,5.34276060375146
343296348,701.175121845063,123.22171353234577,4.084368696128882,5.203477128257977
343296348,1006.1653647910578,85.87057657062365,4.068379638373539,5.1842048089774675
343296348,387.72657475980293,222.83744686194106,4.036859500307255,5.1451129735290495
343296348,51.30508985818542,1684.0434397215154,3.9749003639334934,5.067168765394765
343296348,436.55247243470353,197.9143526965664,3.9254027826812252,5.0050576001257046
1989258883,95.04553377923375,909.0379796349496,10.780311306831894,6.947556765868881
1989258883,814.945166528525,106.01940295939629,9.673545482799131,6.24164185483382
1989258883,620.2979089213808,139.28791111070908,7.554023844233817,4.877580837336963
1989258883,763.9022900897149,113.10347032714476,7.183015814817895,4.641050764241479
1989258883,700.3725297152304,123.36291949532917,6.922547360180905,4.475472394868164
1989258883,723.4059797820386,119.43500940651919,6.589075150075237,4.2622263576270525
1989258883,835.3080716600512,103.4348917858447,6.49262310341122,4.202082534496562
1989258883,819.5873247168083,105.4189070455107,6.466723727627699,4.187544867891013
1989258883,819.5143020037342,105.42830038322664,6.469570986793994,4.191619223410919
1989258883,158.4918396244908,545.1384765594526,6.423072822763237,4.163679379829583
842451090,442.8313258569673,195.10814830635277,10.469873858150022,6.788414415292253
842451090,717.6966924583455,120.38511659298831,7.189492004597611,4.663027889182789
842451090,906.1910086031019,95.34413736148855,6.990612204681003,4.535445845510268
842451090,1074.9866641174006,80.37309008938938,6.979430554478425,4.529594152462699
842451090,833.8602888003212,103.61447974013021,6.954601158554467,4.514870421732333
842451090,966.5289459723931,89.39204600134948,6.814691329186492,4.425351110057613
842451090,718.3248629896478,120.27984057297645,6.771201506036826,4.398395717144589
842451090,1231.353174462725,70.16670910658821,6.6368668512924724,4.312346990932166
842451090,816.5016832788372,105.81729562766157,6.560460134048484,4.263872378319016
842451090,805.717289958998,107.2336427140552,6.551877774996197,4.2594618936768
7675859,964.5711516411022,89.57348543236105,12.110060128764015,15.298886817396301
7675859,964.5717670290262,89.57342828530044,10.288993489143488,13.009168077225832
7675859,721.9421548501841,119.67717831621779,9.491201652264946,12.009000801454684
7675859,870.1537209333675,99.29280071034269,7.59888641115723,9.619094467519774
7675859,962.6262181073369,89.7544637521664,6.530500148455932,8.269466066391011
7675859,962.6256027194129,89.75452113045861,5.993530652963059,7.591672668336672
7675859,870.1583363427974,99.29227405110197,5.779984291170851,7.3231266738414496
7675859,718.0636724592471,120.32359150560362,5.478583856794656,6.942911403494219
7675859,1195.4471621657274,72.27421063384664,5.443581596996398,6.900177093916488
7675859,828.1722644528388,104.32612115679001,5.440445743974567,6.897823895486895
724128806,855.7933897701283,100.95894760674373,8.814283350570818,5.809391201957461
724128806,297.74630715951065,290.17992137082393,7.918522586888353,5.219867958653596
724128806,300.4554532206263,287.56342770239536,7.877379201303292,5.193595746828832
724128806,148.9483485995887,580.0668541298522,7.708739854343241,5.083207315136413
724128806,932.1837533061683,92.68558875175184,7.524686623221577,4.96258205200459
724128806,692.7265423942904,124.72454094421333,7.340081374296217,4.841521559498481
724128806,1064.237277232803,81.18490288618213,7.284008631847454,4.805208823315948
724128806,452.68031964670047,190.86316822306713,7.237941558373636,4.775479056473159
724128806,69.36236456744047,1245.6322753529255,7.233590069113936,4.773267422090743
724128806,282.0434366493218,306.33579361545395,7.22286563335967,4.766847374903001
149863849,216.56719584960146,398.95238824628757,12.086635349788034,37.85935437782346
149863849,113.71864311370547,759.7698814750191,10.353030749496579,32.51310932171222
149863849,113.71798600793305,759.7742717143502,10.713595976788032,33.73926027162339
149863849,217.09090915022605,397.9899496399987,6.933682522872068,21.861136983336483
149863849,217.61593666239548,397.0297457306127,6.783557460265526,21.411847207270288
149863849,216.57738098907407,398.9336264268461,6.658424020081061,21.03968011859459
149863849,115.18497464487707,750.0978340827606,4.438528742343878,14.031896085507103
149863849,115.18431753910465,750.1021132557174,4.528662086290846,14.324045518797192
149863849,175.8880773488284,491.2214705073386,4.290913733423677,13.578189436402091
149863849,227.43638243132207,379.886450339975,4.004309971362524,12.676252710139662
461203226,332.4199590148403,259.9121913619598,10.401401559030258,15.255917434820114
461203226,290.1471466158627,297.7799403086613,4.353979894152583,6.386690841832054
461203226,60.05195724791213,1438.7541049380857,3.259145682076695,4.780984681963861
461203226,1001.7400920282308,86.24991720663317,3.0419354639039105,4.462565204656153
461203226,1113.3271261512336,77.60522309259127,3.0257283669112436,4.439001535185206
461203226,1211.6185648293733,71.3095709392397,2.920200545709325,4.284374158242774
461203226,825.9643492745543,104.60499908487,2.9098352477863996,4.269355658199844
461203226,789.9205458853273,109.37808929018878,2.8635475232602685,4.201621676953304
461203226,571.3625330295456,151.21747578000918,2.8465610730139193,4.176874739014507
461203226,442.2265240332436,195.37498387026878,2.84524079004535,4.175114154696207
685410570,89.488223415106,965.4901695748191,10.219914387113446,6.665291305668723
685410570,826.2445945862964,104.56951920304033,9.333513506090162,6.090515752698803
685410570,826.2805901096095,104.5649638079223,8.305856385076995,5.422271343999201
685410570,833.3807070831056,103.67410628259734,8.048792029686677,5.256590850079517
685410570,809.596665054018,106.71980719465441,7.6501332725337425,4.9980678557981015
685410570,875.2120046132658,98.71893843386894,7.517548870343561,4.913191822453961
685410570,89.56021446173207,964.7140811271461,7.30261372727308,4.774319803750673
685410570,106.25763783856596,813.118019160796,7.030145137237277,4.597614888014505
685410570,630.5414337737419,137.0250952152385,6.887772759035609,4.505851884782737
685410570,872.5213392456164,99.02336609291596,6.750581176419226,4.417372367178528
800126377,265.8061622471324,325.0488975483942,10.152135756622096,6.481619500854542
800126377,264.77198747046714,326.3185083340326,8.96237018842213,5.724015291756605
800126377,1230.967214009662,70.18870934715393,8.220589439454233,5.251806099855079
800126377,775.7276837864847,111.37929173581122,8.067054696005222,5.155180717077073
800126377,43.16515869056586,2001.6143255575128,7.979919161193284,5.100913480467696
800126377,1042.0215329755442,82.91575295308967,7.846951061578835,5.0172655349512425
800126377,271.3894748806763,318.3616462576085,7.717155313671694,4.935558246399541
800126377,1117.1300150814186,77.34104252288218,7.691158418309369,4.920202228085215
800126377,1033.9641008242143,83.56189536089995,7.6396977674445345,4.888528334809122
800126377,737.3175297301418,117.18153511367402,7.457768134181478,4.773274454756156
317153172,168.7338411072093,512.0490319728074,10.127277419435057,15.669827873601653
317153172,109.08142381114914,792.0688691191168,9.8969312822865,15.340819947195085
317153172,829.0959327255094,104.20989488631906,8.15846802169953,12.661524273974797
317153172,829.7946745038945,104.12214329003204,7.8438656771739765,12.187034847267391
317153172,610.2458381501077,141.58228470989982,5.148928430720944,8.003802999822776
317153172,610.9140926388359,141.4274135120967,4.921060129163302,7.653000756574118
317153172,185.49691865102625,465.7759310953492,4.893924529246718,7.614157791082622
317153172,610.0512575072978,141.62744349226497,4.885224446890595,7.6039673668628245
317153172,849.2628264910136,101.73529007149382,4.696107034772742,7.312576755757771
317153172,829.6529982754893,104.13992377486782,4.694853406028851,7.313601170695224
30545382,840.2947803038735,102.82105997225807,6.254580839067235,10.402878512671698
30545382,645.5415143947982,133.84112109505597,4.861834978488021,8.092407722324142
30545382,609.4342379687457,141.77083369646675,3.9189134253005875,6.526086746175484
30545382,645.5394661230121,133.84154576776237,3.401259902844413,5.666110077771894
30545382,622.8866043033526,138.70903532534834,3.355854209888684,5.592451776071817
30545382,830.5463721160078,104.02790608774335,3.2665418964649895,5.445445088695782
30545382,801.4307007428891,107.80720019823448,3.011059379364522,5.020980993580696
30545382,624.889472731641,138.26445118736143,2.9895867028519647,4.986580592329909
30545382,374.1692285359907,230.9115592911172,2.9612851312322266,4.9407405248284855
30545382,721.1771931978313,119.80412139336607,2.948327145830723,4.92047339667432
46847635,927.7982354829503,93.1236951049232,9.530217720788363,5.351150608943599
46847635,1057.5617205616757,81.69735942608871,8.01638159996827,4.504515552881662
46847635,1119.4959528867794,77.17759030499872,7.892290874969234,4.438010035913015
46847635,956.9394603623327,90.28784325320409,7.888708550647467,4.4392217792425
46847635,1181.0650069552491,73.15431368400006,7.49722005866754,4.221693725656168
46847635,152.11788373471836,567.9805548088929,7.456863723255434,4.201704517192853
46847635,49.77406889695868,1735.8436212812662,7.3344621518142565,4.135342653809628
46847635,571.90594023206,151.07379364680463,7.2270525845764055,4.077282637259591
46847635,556.2658771836552,155.32140931857737,7.222252608198597,4.077074352967387
46847635,218.26731650782435,395.84488132423974,7.1547949744920505,4.04142828281274
81848974,98.79054988271395,874.5775795617673,9.951109699424144,8.0582385865049
81848974,98.84429033250423,874.1020822685596,7.195808364816608,5.827285634744798
81848974,1080.7290526524705,79.94603253048996,6.432195595116353,5.209072848036969
81848974,246.4031638143475,350.64484831492706,6.38314438034741,5.1695186741598755
81848974,181.48692640348216,476.06734937984083,6.293289184228218,5.096910220735558
81848974,326.814776241961,264.3699314746797,6.291893903469111,5.095942696014881
81848974,332.0931059820132,260.16800241760996,6.2207314056418745,5.0384636916602465
81848974,134.42714590103844,642.7273258007374,6.135651495052435,4.969704177754415
81848974,111.87523643875151,772.2888706233173,6.089074186107388,4.9321252074258926
81848974,614.5780313550586,140.58426366054786,6.026619964591371,4.8816803909760855
33717565,236.76489777361786,364.91895890163215,8.954115414519665,26.060029023138167
33717565,163.95502253078558,526.973792362944,6.009073566202441,17.50123319849312
33717565,236.7666474432021,364.91626220591934,5.133818188854743,14.959854423841929
33717565,236.76161714314745,364.9240153135213,3.0211593515867445,8.80519055637437
33717565,483.2338534239912,178.79542045286365,2.2596524852853164,6.586437256959225
33717565,556.04744671469,155.38242376703542,2.1556030717938155,6.283730472954358
33717565,483.2209496108076,178.80019496172025,2.0855313751189466,6.079988989471137
33717565,355.528969811129,243.0181710533999,2.0234154229356527,5.899378476005696
33717565,401.08183614492793,215.4173842187658,1.872483486678011,5.459706303783755
33717565,567.5740512268164,152.2268324516345,1.8593570902969534,5.42180328479873
287926830,1166.7476686407165,74.05200140717459,7.560455019500179,5.76173088271527
287926830,729.5853664889307,118.4234278379141,5.876184475732882,4.481700728636498
287926830,326.3455458558066,264.75005127900596,5.383803792071592,4.108896458822317
287926830,1044.6497725124264,82.70714479954788,5.3210067460390436,4.063607398816751
287926830,254.3634607091048,339.6714282748684,5.2719982307801505,4.028751108869928
287926830,1184.9951608215247,72.91169015416168,5.321332440324058,4.069097753627213
287926830,1140.3411189356123,75.76680220094603,5.261357629044626,4.025801849221973
287926830,928.867946797062,93.01645115209963,5.23433540896452,4.007654805254304
287926830,690.5178792843599,125.123479915601,5.203653681444386,3.98665216797019
238815671,335.41806520108213,257.58898808328485,8.416145830120374,11.287908629236107
238815671,300.74423713727623,287.28730040656535,6.57786179448126,8.829392127714504
238815671,1166.427867744032,74.07230433126118,3.84289404395528,5.159678704849081
238815671,1117.3558813744892,77.32540852939088,3.8413030036215274,5.1589458811412054
238815671,703.5697258906597,122.80232764510286,3.697959922570131,4.967686558020895
238815671,331.91670910121655,260.3062685032006,3.695823191579887,4.966068226201099
238815671,666.7014600907027,129.5932365113548,3.589837518643264,4.824803702303109
238815671,948.6501681437162,91.07677719497414,3.5801638731392162,4.812941749782545
238815671,786.6795286669062,109.82871277508896,3.5241561665266463,4.738736098140783
238815671,897.058825039285,96.31475393624969,3.5192051867905403,4.733162230969543
230029140,830.0732034349271,104.08720537233106,8.28047393739751,16.29233829809887
230029140,830.0888381983585,104.0852448847816,8.344360539613836,16.428726300663655
230029140,277.75955045724,311.06041127216236,7.944601869635457,15.65090501227463
230029140,299.0704436853052,288.8951476960853,7.428723131634733,14.642188283902588
230029140,830.0859955140983,104.0856013315702,7.1784701509280335,14.155771548985399
230029140,609.9456837157059,141.65195739014496,6.8151889738072455,13.445249016689596
230029140,609.9535010974215,141.65014192811432,4.8891633232163105,9.64768233137499
230029140,830.0639647110813,104.08836387696107,4.362965071968565,8.61088629844369
230029140,237.08997741683953,364.41860993599033,4.088999963633611,8.071448653806193
230029140,830.0923915536839,104.08479932972898,3.6704641960852338,7.246201037921017
13566624,204.80253917769497,421.8697695199759,8.884850544838745,5.798734353881138
13566624,931.9431716558898,92.70951558825551,7.983470792742411,5.214649196608461
13566624,933.3137571662501,92.57337024831797,6.880926403631305,4.497185130989845
13566624,669.371001547024,129.07640127868657,6.63367090186879,4.3380067923243235
13566624,867.9158193470907,99.54882498281498,6.587487471478311,4.310180784387174
13566624,1093.2120652836777,79.03315627748772,6.533681335406683,4.277293314994028
13566624,604.7433928103299,142.8705150435571,6.445984072356242,4.222114128870994
13566624,947.7099071619317,91.16713811585927,6.358943472774943,4.167248295587841
13566624,936.4550991389006,92.26283254738799,6.331524589671817,4.151401315939964
13566624,582.3638323236448,148.3608617232668,6.2379890241459695,4.092105058911154
282783760,1055.1931052095138,81.88074729965645,9.173045281464441,7.509939005015801
282783760,280.21407006580796,308.33569484826035,6.225231506541416,5.101654761292657
282783760,1091.043233999774,79.19026240899441,5.594139251476683,4.588160541173289
282783760,514.4207214530119,167.95590923312355,5.278682302077025,4.332539789126265
282783760,414.9789307939104,208.20334139544192,5.253165852815192,4.314670658878809
282783760,772.5680016789477,111.83481559194168,5.2149046120236235,4.286259355432516
282783760,1118.5009662284465,77.24624529502049,5.183590836629052,4.263486283355223
282783760,787.4371390652387,109.72304418174237,5.138996294553364,4.229703211200364
282783760,987.070765486772,87.53171811080031,5.114443889126883,4.212351574778702
282783760,757.6887285480169,114.03099550599238,4.983110204902457,4.106834307565923
1116746,285.1374269755278,303.01178248134846,8.379003290675438,5.976278893640573
1116746,287.4533370424066,300.57052351162594,7.273278493641467,5.188371241883416
1116746,815.5956708064829,105.93484381122985,6.569295360369312,4.686735793570058
1116746,1085.0259684217942,79.6294305524057,6.299798479714677,4.494952672245942
1116746,546.4907489856917,158.09965705798643,6.23434168199483,4.448718142344884
1116746,1021.7212366350043,84.5631830895037,6.212369981187199,4.433504110035633
1116746,803.719454306497,107.5001974097438,6.198279690392457,4.423910114033728
1116746,308.76545158347705,279.8240527134919,6.169900411674373,4.404110338001127
1116746,385.0660753984546,224.37707583197488,6.102794949279964,4.356650909776922
1116746,788.8000171401168,109.53346617974594,6.100448529520982,4.355416304678375
1102242692,85.62622709113334,1009.0366343952434,8.729121636716313,9.801157602295984
1102242692,718.6717879535631,120.22177779654643,4.834844436957949,5.429528090206658
1102242692,588.9642523058559,146.69820733896,4.79990716109097,5.391185259336913
1102242692,85.15885856495012,1014.5744254439868,4.70305543806654,5.283242311992906
1102242692,641.5894375688123,134.6655585967831,4.600517481507015,5.168841081953531
1102242692,205.52668546811063,420.38336677893716,4.548571686471443,5.111238483005899
1102242692,395.0295546698091,218.71781232221633,4.547954292136826,5.111304646029118
1102242692,1070.6076945560103,80.70182984798254,4.5092102319318546,5.068502689288714
1102242692,292.68734010436,295.1955488378602,4.497968099698326,5.056602076296506
1102242692,591.3133537833604,146.1154216240724,4.4900500294948715,5.048432915276741
1201194272,721.0801481283576,119.82024498144992,8.254457712123804,8.238519886707108
1201194272,617.2732857253915,139.97041828639425,7.890577909650235,7.876599208794658
1201194272,721.0879654988224,119.81894600089689,6.936658269911521,6.925221872376979
1201194272,721.0829908085266,119.81977262162644,7.055337164431917,7.044603353710127
1201194272,102.76949522997245,840.7163994204544,6.52875963797195,6.519539397026242
1201194272,721.078726788273,119.8204811627583,6.136790403529037,6.128714130667362
1201194272,721.0858334886956,119.81930026552725,5.474091201677474,5.4673071615670095
1201194272,822.7017001513723,105.01983888461992,5.4383813229790485,5.432053542457936
1201194272,170.863766669258,505.6660150027301,5.356995710482748,5.351156661202075
1201194272,299.45524679606314,288.5239144226471,5.2522890740596955,5.246935547507486
441500792,631.8872716474789,136.73324954739925,8.279172540285751,7.122657023456716
441500792,610.160114855014,141.60217604608644,7.773500297684895,6.6966371855840805
441500792,859.7668043590385,100.49236555999826,6.563661264614601,5.659844053216293
441500792,891.639855183098,96.90010994658576,5.728105425982203,4.942973364013965
441500792,614.6923407741662,140.55812032924416,5.708822207203411,4.929933484426694
441500792,579.4471565655747,149.10764341669923,5.592954448135645,4.833266314988529
441500792,869.3523147086554,99.3843330697924,5.333462086917262,4.61196829058619
441500792,1011.1785427123207,85.444851082625,5.190685851874154,4.491228109117035
441500792,631.9167655254778,136.72686770409243,5.153632385988289,4.461836682932501
441500792,981.5666892015041,88.02254696549008,5.129859362993068,4.443892729461302
631344957,237.92419905926238,363.1408673082447,7.9740684140708185,7.172996815328441
631344957,995.6441751087433,86.777989727669,6.498950433439898,5.848314261470618
631344957,1082.6350981227858,79.80528263845464,5.989792098144471,5.391888741790155
631344957,732.0500310540853,118.02472008039106,5.56388325552616,5.009906420305935
631344957,78.59742874171019,1099.2726019566228,5.556062453282622,5.004271667802092
631344957,212.654009623777,406.2937734061872,5.519174627749424,4.972427438370652
631344957,945.1727444447631,91.41186149073229,5.479523006362651,4.938055585601382
631344957,967.2596757523077,89.32451353645078,5.468828589886645,4.929763311317625
631344957,394.66787405063246,218.91824919328405,5.460485010097562,4.923582503022183
631344957,87.87790217420269,983.1823230000074,5.4070231760652,4.876679468008118
201860926,166.01843226960355,520.4241409754538,7.569311558635366,8.595451866145215
201860926,623.3274883423571,138.6109254218315,7.275690757743388,8.268126796258741
201860926,98.09872999597289,880.7453470962046,7.145933667181848,8.126462778299981
201860926,164.5540680911761,525.0553875831711,5.936421711934578,6.754314972234556
201860926,622.0152194199752,138.90335365196913,5.425904623151276,6.176005766060334
201860926,1134.7612069654035,76.13936700484524,5.317236019460357,6.054711616035113
201860926,819.9994035705116,105.36593029676573,5.096838609453184,5.805860002494526
201860926,98.19334219201303,879.8967228455099,5.051747683978872,5.756557072218181
201860926,816.7311449214842,105.78756612533246,4.948636736845037,5.640999477530978
201860926,165.27159982852072,522.7758434579517,4.7830369254329606,5.453983099442203
63281499,269.5637658717943,320.5178549148635,7.284591414402762,19.921216615109067
63281499,945.167941416952,91.41232601528266,2.71234112745712,7.422079028642107
63281499,321.03233747646647,269.1317662238111,2.302756934086492,6.304121939884196
63281499,718.7662867162733,120.20597181139861,1.9631952099626002,5.3762806609310925
63281499,1004.5118130402193,86.01193025147695,1.8814890384593033,5.15407451121867
63281499,741.0180294815732,116.59635334439389,1.8244013522281854,4.999104042762832
63281499,436.9219856550678,197.74697277012126,1.8132793331662513,4.970018163835801
63281499,988.8532192147028,87.37393813473602,1.8128475783665157,4.970224554723383
63281499,43.576004217180035,1982.742602313601,1.8049521087034626,4.94995016683222
63281499,450.3983324424043,191.83019513299064,1.80079680737345,4.939918496522146
733030384,313.62034337649203,275.49233276707224,7.165750888770268,6.285200386749458
733030384,210.07645677645812,411.2788330771308,6.128119157775118,5.375618190049568
733030384,1046.2656179617893,82.57941245198732,5.874712973452294,5.15380660280706
733030384,1040.829209366901,83.01073722993804,5.812499108783156,5.09968998091495
733030384,717.3142344669945,120.4493035945399,5.737756120086544,5.0345583897578265
733030384,98.39788614765341,878.0676433470361,5.535640578670972,4.857613322983888
733030384,1217.8522063052117,70.94456909687356,5.481200468360795,4.810229552983431
733030384,416.72857574982555,207.32919465515238,5.475213052170959,4.805362246466867
733030384,766.2233733432582,112.76085147730662,5.468175954287271,4.799571851176855
733030384,718.7945319138892,120.20124828989466,5.44645011908292,4.7808836029684505
65144290,721.6239139567031,119.72995673918858,3.8082861856807404,16.878907674384372
65144290,722.4377563183449,119.59507825325718,3.5194884950747904,15.636685131227548
65144290,723.2502870887513,119.46071995046123,3.3432253058749226,14.88604462612178
65144290,724.0598667788777,119.32714954133192,2.9074399242059887,12.967180196197914
65144290,715.1243235890703,120.81815308193568,2.1506800970268714,9.600774738416895
65144290,714.3091696361929,120.95602810755553,1.9689003119866388,8.796019236154464
65144290,310.59876415982905,278.17238820544685,1.9451425440113146,8.69638209865311
65144290,716.7484014364562,120.54439162590842,1.676794906223418,7.50082603626682
65144290,718.3728071816512,120.2718130979483,1.5723018168500469,7.036835979297517
65144290,717.5583090243915,120.40833325095404,1.4730841437576205,6.595629060927223
159973152,88.38417234036152,977.550592059395,7.262461664622041,6.375202104545272
159973152,626.3353955668628,137.94526161467206,6.423592509719854,5.644222716227724
159973152,804.4301067907392,107.40522920591746,6.024289917475058,5.297836709984905
159973152,1169.674192723846,73.8667233469505,5.269436705913137,4.6370067633193495
159973152,920.675862546252,93.84410248472167,5.246981398622948,4.620212166374616
159973152,945.1067406799166,91.41824545431051,4.945464413173058,4.357199515221809
159973152,808.3134858099736,106.88922245732738,4.88049171890682,4.302350127334216
159973152,814.2614460799402,106.10842551363739,4.847713312623476,4.275805290417299
159973152,639.0866426249565,135.1929366652453,4.84464368402746,4.275448523528077
159973152,402.4069805767312,214.7080050057064,4.840266197396326,4.273932667384917
55650407,329.1965752560889,262.45716539665585,4.959636331825679,73.93896525506325
55650407,431.8169740073669,200.08477017053525,2.232927242230198,33.34922918160331
55650407,269.35657523493364,320.7643991042047,1.126659368529669,16.83467931989186
55650407,329.19708652263574,262.45675778196505,0.5096957709873577,7.616657062372294
55650407,271.684883089303,318.01548550494897,0.47381894887321824,7.081110555273024
55650407,430.58737796218503,200.65613722561974,0.4682579979759038,6.99856341749735
55650407,329.19623441172433,262.4574371404865,0.4110023219773903,6.143201286636042
55650407,722.1935360475511,119.63552107216756,0.3778364712944472,5.647769816757354
55650407,330.2625660062778,261.6100306032191,0.37498285395291464,5.605402658042353
55650407,78.32148915887566,1103.1455214639373,0.34518173492982895,5.160147384329128
231277791,600.2365344513718,143.94325410227043,12.950993650645199,23.285817012848128
231277791,598.5710364239673,144.343769982888,7.009651067548862,12.634973469913712
231277791,173.57594900083137,497.76481417702735,5.449817478846192,9.838323055395298
231277791,121.5175050716239,711.0086727757847,4.777477308624056,8.634699624949464
231277791,172.57571973856332,500.6498024802575,3.623238557692052,6.552984174496223
231277791,841.5011369686819,102.67365806686432,3.56211525721977,6.446653503974157
231277791,833.266691414196,103.68829198412388,3.5295565262890563,6.391839014427981
231277791,840.4264720403845,102.80494829040592,3.457521523073957,6.265258214917259
231277791,604.9306336403414,142.82629312399595,3.3356442569943754,6.04788969032309
231277791,598.6036020278551,144.33591730371765,3.2935205295891814,5.974872104794583
453210132,431.33661744052756,200.30759389889448,4.918955992325989,5.591136704146476
453210132,431.82643834379,200.08038491430753,4.617275210148346,5.24936280408034
453210132,149.6788720594384,577.2357769083804,4.577627116817973,5.205390725618768
453210132,1004.7166763974782,85.99439227961923,4.5173641900852575,5.137924695353276
453210132,1231.2506208857221,70.17255344638659,4.456160836259023,5.069333007992419
453210132,733.9115030584535,117.72536557874136,4.454244019994296,5.068170629019096
453210132,95.74136733960401,902.4312311472504,4.436035044203872,5.048458692638317
453210132,1109.4739936645567,77.87474108755231,4.410391205473326,5.0202647157593905
453210132,820.5819153224365,105.29113350743332,4.374366244622101,4.980224695866993
453210132,503.5304980453161,171.58841487338128,4.269050739030906,4.861221647878744
114058447,61.59714234586151,1402.6624727957837,6.819646632625343,13.052182228004334
114058447,270.07170640801655,319.9150371918981,2.6485226844080625,5.069285089864436
114058447,128.77072350445175,670.959963947186,2.6060023286269343,4.988142933266596
114058447,556.4518604494345,155.2694961433259,2.5603973231309833,4.9010800562141625
114058447,747.1168268692713,115.64456440106127,2.464371455953105,4.717473267867063
114058447,564.8257586824997,152.96752790017007,2.415864854467945,4.624811404716768
114058447,87.34744939783079,989.1530960049497,2.4007836275861436,4.5961299576108
114058447,890.9355162427541,96.97671540176708,2.3970754398907963,4.589219356919634
114058447,889.9323421253741,97.08603217369969,2.3726071335327767,4.5425573773878405
114058447,842.499794490941,102.55195379864158,2.3431469915361474,4.4863295124483225
5624184,171.43609204892408,503.97789034612003,7.32400037360187,8.686609852737506
5624184,56.28542612527971,1535.033239469334,4.4523511459176595,5.281120685087452
5624184,1179.5078914893961,73.25088761458002,4.332527126652548,5.139381591513948
5624184,1041.0878182700126,82.9901171483995,4.3151198061758045,5.119117083505994
5624184,985.526375742526,87.66888652259922,4.10245995958628,4.867164837950677
5624184,608.5699533552539,141.97217513557365,4.05247311053007,4.8081790807867515
5624184,753.9838094443721,114.59132002273383,3.897676595752697,4.624799695339972
5624184,60.76184595209498,1421.9449499299,3.880099889283309,4.604223840563421
5624184,815.3426642865426,105.96771613270532,3.868614197646581,4.590872059020046
5624184,304.31298169657185,283.918219716794,3.8531020628548873,4.572738007569047
94748632,281.45675817805386,306.97433083252537,6.5524657960970405,8.705695632103344
94748632,335.36698313988546,257.62822324093116,6.068687938433557,8.063856155126045
94748632,335.05149503494835,257.8708087572862,4.292578222390808,5.704148567911001
94748632,942.025114945698,91.71729992037467,3.7012449018655036,4.9185688694146386
94748632,228.5726662444015,377.99795320940405,3.7002584342069818,4.917465343138905
94748632,647.3879056712362,133.45939774765674,3.615409503630217,4.804898665128825
94748632,52.425140987840365,1648.0642373482574,3.610839987680999,4.799018515786802
94748632,1022.0666778922208,84.5346021633151,3.600665167157986,4.785686738524528
94748632,1083.800370506786,79.71947819098759,3.522164019593633,4.681528878972837
94748632,1040.5657531362613,83.0317543505451,3.5167736601158897,4.674542358777949
683837451,83.37544602131806,1036.2763154263498,6.426707699488898,6.708661717104335
683837451,721.3200533569134,119.78039373494137,6.022514704141605,6.287382377051194
683837451,540.9358234303074,159.72319868205497,5.232884349194198,5.463448709243004
683837451,726.0004985371719,119.0081827410429,5.121566645915947,5.347624190716107
683837451,336.09402164367424,257.07092193267573,5.044250996592368,5.267276167051979
683837451,962.2706727356605,89.78762675409357,4.8308301562103715,5.044753209248437
683837451,1048.7220389705672,82.38598674326596,4.786581032984814,4.998869599343952
683837451,1195.955532269823,72.24348871568834,4.746591639488215,4.957423607757516
683837451,1222.1177849345083,70.6969500526744,4.6938673267016755,4.902663990816848
683837451,236.68566662049838,365.0411164886199,4.683973272168057,4.892634546135994
264172524,186.57709069680655,463.07936133703913,6.360818329398264,7.719305717713458
264172524,771.1158886606243,112.04541531373567,4.873219009792542,5.914243619379635
264172524,906.5766261509708,95.30358218789102,4.730093725840335,5.740768292833306
264172524,906.5738901270956,95.3038698124069,4.5955757127771735,5.577713939225195
264172524,209.3019187132058,412.8008024541279,4.482637677344074,5.440830672017
264172524,771.1164749514546,112.04533012401178,4.450655353872137,5.402199066095439
264172524,433.988694239201,199.0835271675972,4.383131962272244,5.320418069742725
264172524,998.2193549895089,86.55412216577191,4.2241124333596725,5.12755390740595
264172524,790.9843077513375,109.23099125142399,4.2211198976398165,5.1240810253873255
264172524,1230.713374643325,70.20318603837364,4.1758489213169865,5.069280528047883
103700861,160.91716007494134,536.922227311011,5.0843319025065465,5.696622969786978
103700861,805.5634114807243,107.25412645192786,4.646157081550521,5.205896109491023
103700861,132.39592525968123,652.5880598706881,4.626779693587435,5.184397659898612
103700861,1201.6290011903836,71.9023924309488,4.573744533360909,5.125176882406327
103700861,120.69431311550495,715.8580861826923,4.571006845726034,5.122314946582583
103700861,1228.2974422218515,70.34126835248647,4.570405505342526,5.121846844325051
103700861,1163.2508572121903,74.27460677489933,4.496077806426123,5.0387470664121
103700861,470.2516581138482,183.73140957449323,4.447413035301785,4.984398171698965
103700861,49.22247505275473,1755.295724308862,4.433505484443266,4.968999307373148
103700861,155.71130654892693,554.8730012926311,4.406378170727261,4.938779948901852
14448610,183.0033797023336,472.1224282334839,5.364452439095818,9.17100134387629
14448610,136.20409354987453,634.3421680521113,5.219833132306094,8.925004484037798
14448610,173.87484247284047,496.9091489672856,4.9901684774614745,8.533404003951429
14448610,183.01293838006083,472.0977695061872,4.194644656503995,7.1736690416852875
14448610,183.0256832836971,472.0648952096879,3.7665972554609852,6.442090916934605
14448610,173.92263586147655,496.77259990939103,3.7355836616552445,6.389503653483313
14448610,173.8844011505677,496.88183315066686,3.4786788973896354,5.950450915999175
14448610,173.93219453920378,496.7452991028967,3.476380819235579,5.946887518183644
14448610,136.29649410123767,633.9121234903093,3.425630347831057,5.860422798170155
14448610,127.1807017753808,679.348350763111,3.319794580089038,5.679683674310682
394015496,278.9041805621988,309.7838111491908,7.984917419597067,17.98386389222616
394015496,278.4647005208836,310.272719803925,6.341415696753296,14.31278353753985
394015496,279.3367474343247,309.30409548179347,4.757476378027141,10.7507083516284
394015496,1063.9570897202098,81.20628250404415,2.377742179251058,5.374720944554563
394015496,221.63120741771203,389.8367969324847,2.307572715353487,5.217588116519377
394015496,601.3090432607391,143.68651356293554,2.2350390661847377,5.054930330576114
394015496,915.4516811825542,94.37963988267623,2.1543822035377036,4.873716945264043
394015496,100.68004527565293,858.1640956104515,2.131133864891779,4.822292256563995
394015496,1013.1360786204692,85.2797583890666,2.129722674909934,4.820266078784496
394015496,680.2896968579329,127.00471637165364,2.1174597075982162,4.793658511072241
192937035,718.8176196913321,120.19738753357365,5.623982796706601,6.912659697386886
192937035,289.6632890204547,298.27735607151385,5.197751685298812,6.3915972388500935
192937035,721.8611550358304,119.69060725495257,4.19985692941726,5.1659970532741815
192937035,721.024383694783,119.8295119469552,4.160594897247611,5.119159074373245
192937035,1157.7696968433947,74.62624063798317,4.154254593986632,5.112809662869186
192937035,599.5523705573272,144.10751127492827,4.081367635009153,5.024482333572155
192937035,771.1826764706983,112.03571168819278,3.994094856913646,4.918334896776526
192937035,735.8753452096614,117.41119003706179,3.9301554273289963,4.840832045677359
192937035,718.4651891905281,120.25634825445633,3.9172659410918342,4.826179782391746
192937035,727.2699253499421,118.8004576958503,3.9165091255188007,4.826467906233207
900762564,718.6000527414261,120.23377909643615,6.152058160508407,7.3464757616727265
900762564,321.91998944898756,268.38967082437483,5.072187136499153,6.05826359906084
900762564,721.0330264772491,119.8280755905516,4.912777358903097,5.869055785457669
900762564,718.8081187669833,120.19897625559287,4.678979412954486,5.590783853508715
900762564,1051.3111781259786,82.18308888716741,4.610214771424349,5.509608044103575
900762564,1105.7571613431276,78.13650503068206,4.386161185826818,5.242696996036812
900762564,97.5658035758716,885.5561767890472,4.354398239254787,5.205565586661792
900762564,479.6655089933344,180.12552159801143,4.311758218097029,5.15540092935689
900762564,1010.612414454578,85.49271586637852,4.280387987224596,5.118685960762627
900762564,1144.5418050021012,75.48872362931417,4.224252737209738,5.052319558006573
141179495,340.3495897768286,253.85663034485668,4.448182658644863,6.724335084229786
141179495,1194.467316025712,72.33349865735477,3.3794592816960316,5.11118235782418
141179495,369.27356343436315,233.97288231643813,3.1770086523198624,4.807024830011363
141179495,43.88319584696244,1968.8629857613378,3.0876173353647323,4.673636195465087
141179495,1008.7317827458729,85.65210443236973,3.062026939220487,4.6367219747741615
141179495,955.3226517309769,90.44064834372904,3.062003905082617,4.638511522156984
141179495,789.6170970182783,109.42012315369102,3.055799075446155,4.630927984646318
141179495,112.64426952432667,767.0163814355514,3.051361762886737,4.626012580650599
141179495,1088.2610111237086,79.39271839830568,3.049586630851876,4.625129844142952
141179495,966.1814546263133,89.42419623797957,3.040409525602916,4.613005017161521
423658036,388.8263699246375,222.20715127100584,3.3185718347035262,5.559049591378317
423658036,87.64545009529127,985.7899058771771,3.0399297274181953,5.093665323593715
423658036,510.78398906422507,169.15173899300947,2.987729290454058,5.00750905960177
423658036,714.0413912455605,121.00138879804356,2.9599046905634436,4.9621470876214255
423658036,965.9982139567737,89.44115915711849,2.8993861615020684,4.8618893956270215
423658036,1036.5269904294944,83.35528239761453,2.887000156999939,4.842304086541442
423658036,716.4212519960486,120.59943749473884,2.8785610442327583,4.829323281671291
423658036,709.4569522005903,121.78328752999724,2.864457174321702,4.80682060645021
423658036,714.1731875960688,120.9790587221922,2.8586982902321254,4.798310465054942
423658036,125.2361777215272,689.8964945426345,2.845637710744741,4.777526234030057
21187072,721.0528645824241,119.82477879764882,4.658165091566634,9.451159118954177
21187072,800.2258401915003,107.96952017860833,4.3520692806371075,8.833176004574247
21187072,800.2003015145132,107.97296606421358,3.846299983203858,7.808761378280876
21187072,111.23879700968965,776.7074287262742,3.551338735063891,7.211600978419442
21187072,97.35529527070894,887.4709871687377,3.3217862497195085,6.746822794407391
21187072,800.3218410013795,107.9565689371847,3.307012672669694,6.718166398805567
21187072,104.89535887997563,823.6780056099664,3.2591389896492364,6.622204987674182
21187072,721.0334798035062,119.82800025256172,3.2328179589985027,6.569991676075291
21187072,800.4098417437689,107.94469969505796,3.1640317836486136,6.431383334860152
21187072,111.2406431791104,776.6945383521913,3.071531155278384,6.244445678274362
29862344,619.2296483597113,139.52820287088406,2.6059808797809003,7.9723663945488035
29862344,619.4655606399956,139.4750660726588,2.341522768255687,7.169815573234199
29862344,602.8570714097687,143.31755253024636,2.229565876958368,6.8326225269225285
29862344,619.1992080654811,139.53506218125378,2.0098704066682584,6.163483123509905
29862344,623.8913147228611,138.48565921835242,1.9606546928955018,6.016395855337828
29862344,816.0387237231895,105.87732847504913,1.9839332481791125,6.09181293525957
29862344,624.1742109355444,138.42289297806656,1.9560787634140095,6.010111252017969
29862344,619.2627356360485,139.5207478635995,1.8015236194706117,5.538231164513469
29862344,837.0041455015006,103.22529519639649,1.738980944556016,5.34866076282796
29862344,821.8855763247383,105.12412249203675,1.7401818317414655,5.355061919460902
232979174,305.6763094479374,282.6519338578824,3.3127717671948442,8.371288808033771
232979174,717.2759239467745,120.45573692838924,3.181908338415037,8.043375962229923
232979174,721.6871430724466,119.7194668484301,1.9975910403407893,5.0502914027663435
232979174,765.153902351063,112.91845958639378,1.964563041007266,4.967444687346604
232979174,344.10207003879464,251.08828897849733,1.9525243430588601,4.937647092605437
232979174,649.2026459594155,133.08633373222764,1.9257248168447627,4.8704915436617044
232979174,320.65014719387864,269.45255056364874,1.9191431620147232,4.854456131777015
232979174,910.8907856923016,94.85220550818687,1.9005080169820052,4.807912240647761
232979174,945.9420695360104,91.33751715089663,1.8921519738511903,4.787358846978891
232979174,691.2192549305944,124.99651794086012,1.8901465385954654,4.782868704695415
229581336,78.08697198400912,1106.4585782336808,3.0335983427521604,9.108392932952281
229581336,641.909111348035,134.59849451047128,2.7070778079106503,8.12942251267422
229581336,798.0766628301018,108.26027626670901,2.676735236889767,8.03966588301163
229581336,641.9612663953837,134.5875592855259,1.9301438278466398,5.797764243381508
229581336,798.0260417547338,108.26714352581776,1.9979547713235832,6.002021944106198
229581336,798.0084010769541,108.26953686627695,2.0202076719036857,6.0694581304018635
229581336,77.99033174921578,1107.8296253159453,1.856929504209102,5.579365113639919
229581336,797.9846245112509,108.27276284040963,2.199056185749794,6.608082312651942
229581336,514.3800497623834,167.9691893958801,1.805194647401931,5.424961847085666
229581336,718.8922621928109,120.18490745255377,1.7911310202720174,5.383108390507686
24603397,328.9529037316117,262.6515802714805,2.8601558507928893,10.067705692230835
24603397,484.3361684635465,178.38849465668778,1.5711604498089526,5.532884137387841
24603397,1067.9336831986063,80.90390008227877,1.4332053574699777,5.048913116758324
24603397,879.7278146389899,98.21219536574002,1.411839987237049,4.975409312856319
24603397,1119.961549904963,77.14550558216189,1.4076938359319924,4.9625466993088425
24603397,923.545192005775,93.55254160584676,1.405614180013611,4.956957878845984
24603397,693.7938537567956,124.53266850398893,1.3906228433612273,4.905778835703249
24603397,70.97165287522,1217.3874568189303,1.3699121551593436,4.834333094890978
24603397,1208.0233944156055,71.52179369986203,1.3599033960460527,4.800595387902127
24603397,1130.1493796256348,76.45007072305809,1.3368451688682719,4.720702722630856
72637474,624.1786495463947,138.42190863591523,2.720621329738858,6.2879820723659545
72637474,630.6443373582566,137.00273653756423,2.664956037328602,6.16328400730699
72637474,815.8959343159721,105.89585799619864,2.6455403281673306,6.122260132429224
72637474,826.0831382800193,104.58995710757722,2.596948464692737,6.013485001480565
72637474,535.5095252346712,161.3416679416445,2.546430830424449,5.899977858452744
72637474,826.1043058087911,104.5872771664236,2.365379031599249,5.483274724343001
72637474,801.2129456863848,107.83650022776736,2.3324403009448154,5.409594417402863
72637474,630.6327613659596,137.00525138094056,2.3137420205901296,5.36884376478565
72637474,946.2263934195299,91.31007188222945,2.288299014956685,5.312341222422875
72637474,826.0431184209352,104.59502424663052,2.211671925645048,5.136742272192332
79353860,628.618542028228,137.44424356499528,2.6728230529462897,6.996415365323803
79353860,884.3962211763078,97.69376884614235,2.6308737706724066,6.889963081068072
79353860,811.5181221954846,106.46712332960979,2.4978733409084373,6.544525336646178
79353860,807.9619472750952,106.93572920282902,2.390129481006703,6.2647550300594395
79353860,91.63407480274552,942.8806935191678,2.3265415555339874,6.100414632510199
79353860,807.9844070389087,106.93275668108207,2.320740122495133,6.087517622159551
79353860,165.1337888320397,523.2121215839047,2.2872275017730126,6.001829327415895
79353860,88.18869225385055,979.7174421330367,2.1426262638076974,5.624212774349657
79353860,1004.661956707482,85.9990760306616,2.126770141490764,5.58437944438108
79353860,625.3350341185252,138.16593551613462,2.095370958324698,5.50364415206871
220555122,354.2517749580322,243.89433196272824,1.8438866538690697,5.253979323906441
220555122,1210.0571290450102,71.40158751693632,1.8280980280605204,5.209859565471445
220555122,1017.065409758805,84.95028851732317,1.8273410698989716,5.208570312230606
220555122,1244.232490903294,69.44039850404076,1.7988258819166825,5.1281199558007415
220555122,692.0757519201853,124.84182513298661,1.7675747974927163,5.039814944753366
220555122,417.3250178347933,207.0328791891485,1.730938502263519,4.936094094443284
220555122,920.9736263748986,93.81376135610354,1.7248542152260484,4.919475239318802
220555122,584.2397369574409,147.88449763781446,1.7089715188334005,4.874887723491476
220555122,738.845129975132,116.93925627270231,1.7055341109525726,4.865790135436258
220555122,1119.9615924528746,77.14550265136482,1.692863315577249,4.830333232175919
158068117,321.8470479821436,268.45049703483244,2.9016766625845007,8.165069371993452
158068117,800.6866667524592,107.907379487701,2.057031655123838,5.789485004346384
158068117,1068.7403529740734,80.84283498753226,1.8287517003668403,5.147820048835767
158068117,1160.565420310246,74.4464710803664,1.824436203327255,5.136492259119692
158068117,698.411623826944,123.70928124960393,1.804648822879972,5.0815775509147025
158068117,831.0786210325253,103.96128334122871,1.7589465395220263,4.953623541025792
158068117,476.9464356620291,181.15241783927334,1.7433637459359153,4.910455084204405
158068117,404.1348262447771,213.79003834643316,1.731183470251796,4.876849337775285
158068117,494.12058640406315,174.85610269503545,1.7249372924444255,4.859948029771215
158068117,1219.2826417773408,70.86133849494917,1.7105081875894101,4.81997220968809
344130696,635.2095380260778,136.01810871494337,2.526925366444745,7.631312075497916
344130696,801.688978962648,107.77246821054966,2.2088671266055404,6.673421531899646
344130696,801.6883239469652,107.77255626553905,2.445596190204675,7.392220981260593
344130696,804.6388420897912,107.37736668988502,2.096795028688806,6.34018227873114
344130696,634.1664255513414,136.24183892246305,2.0733207936383558,6.271400108966898
344130696,804.8363293181321,107.3510188999535,1.942671362911454,5.87801957742723
344130696,804.8949532217358,107.34320007122491,1.7725842258106552,5.364755936405405
344130696,1144.8156692786981,75.47066511977175,1.669711115009297,5.05455905511531
344130696,84.97245646630606,1016.80007373048,1.6681075669646421,5.05085278541981
344130696,635.5206704753712,135.95151820218933,1.6607298215382775,5.029647501558507
207206751,816.6954979286355,105.79218352388885,2.1499716519080745,11.63372298726353
207206751,608.7023220368854,141.9413018023027,2.1056071483762824,11.418137164489071
207206751,816.3880775495238,105.83202079498619,1.8043431621227928,9.799956936945877
207206751,608.5719012699896,141.9717207115501,1.8000159227351247,9.791899525343695
207206751,831.344544781763,103.92802904923245,1.9850066383577183,10.819061953338915
207206751,857.7268027709885,100.73137474645135,1.630419815101011,8.89802489338042
207206751,816.6815242750396,105.79399365829471,1.605471230591894,8.772989676690841
207206751,623.3420531209489,138.60768669049762,1.6337530462282843,8.93929090933654
207206751,821.5769609181674,105.16361109182297,1.6064906848439149,8.801344996884563
207206751,857.9038023832043,100.7105922132366,1.5267397993092056,8.374089778308022
370239521,825.6037851989386,104.65068298975997,1.858723002495424,18.250803610237796
370239521,825.3168439709972,104.68706731379424,1.9182302344832838,19.02063623412025
370239521,105.55167442009378,818.5564130051556,1.664283309962373,16.626829604009274
370239521,825.3437447111166,104.68365520870503,1.5740939415033492,15.83329582762309
370239521,825.4961822384605,104.66432414710029,1.408250461167435,14.243560805478971
370239521,826.7694839374506,104.50313137892329,1.20296081067711,12.21675864742863
370239521,105.2826670188987,820.6479038424322,1.189010833295324,12.123516584117995
370239521,721.9462666051048,119.67649670977477,1.0058106867941956,10.285231932624182
370239521,614.2357031665986,140.66261461940093,0.9682268190788296,9.927582510146275
370239521,825.4423807582215,104.67114605944522,0.8406868444349519,8.637428286550577
409732714,527.2417424720238,163.87169876744824,1.5053950138419814,6.1073090537250945
409732714,811.8704049011228,106.42092565318057,1.2507251694898944,5.076135689213301
409732714,403.6325744119659,214.05606355203682,1.1922779363742921,4.840666358303902
409732714,894.8531128795705,96.55215895933048,1.1852139394455588,4.813699246268782
409732714,726.8416652867246,118.87045573524863,1.1630466070190035,4.7252889339874296
409732714,1039.9862965669633,83.07801774428171,1.1494835120103688,4.6717505748091455
409732714,453.4870950664121,190.52361343898204,1.1436279417138926,4.649495542265319
409732714,1155.5210351585322,74.77146444862971,1.1410689986712963,4.640626635454778
409732714,533.4579100731166,161.96216865198957,1.1404995325553628,4.639844143846648
409732714,826.0104567352147,104.59916008992647,1.1394749158965294,4.637206916057869
230384389,597.9499285255365,144.4937040348022,1.4781225026284284,18.254135823906463
230384389,597.9505148171002,144.49356235846346,1.3312144257191667,16.444961937538835
230384389,597.9595046210767,144.49139002272597,1.2610183174116332,15.582120940728549
230384389,841.9566601123283,102.61810861912188,1.2395744101475596,15.321246363984526
230384389,188.98928377257081,457.16877843705424,1.1695153588073395,14.458759108067435
230384389,908.9903060467868,95.05051860866918,1.1529405622149371,14.257150936736807
230384389,121.9575921433246,708.4429799045449,1.0995290281246377,13.599538794038192
230384389,122.2327583172163,706.8481574781798,1.097013265999333,13.57127415221364
230384389,909.3039720333608,95.01773076696747,1.079737277350733,13.36027169302102
230384389,842.0076674783693,102.6118921918482,1.073142958359557,13.281348988339891
141976247,718.3998857076093,120.26727971274349,0.7251132254773432,5.691771813473985
141976247,743.738100716164,116.16992583384297,0.7023934358527195,5.513666788783259
141976247,386.087325740333,223.78356977744775,0.6979957257974116,5.479375046003863
141976247,369.18244185573315,234.03063148318105,0.6905305565425336,5.420994618881115
141976247,136.7968763201825,631.5933691188595,0.6844295666133596,5.373315404783693
141976247,778.0109955896722,111.05241505554234,0.6763373863205508,5.309994262807285
141976247,618.1405615906376,139.7740342061847,0.6717055212152948,5.2738336496841685
141976247,718.2539485493384,120.29171600727372,0.6688947944892005,5.2519676580150625
141976247,699.6370331719625,123.49260531319517,0.665640006612025,5.226611177432945
141976247,607.5005514289511,142.2220931269471,0.6605188459339637,5.18659443843969
