tic,period_s,published_amp_ppt,recovered_amp_ppt,amp_ratio,snr,spoc_snr4_limit_ppt,paper_fap_ppt,marginal_vs_paper_fap,marginal_vs_spoc_limit
375199799,305.53,12.98,15.933235098715745,1.2275219644619217,8.58965844449296,7.419729295024965,9.17,True,False
375199799,328.12,9.56,8.876079126392542,0.9284601596644918,4.7851228924721445,7.419729295024965,9.17,True,True
775564285,627.84,10.19,9.724414502424448,0.954309568442046,5.31930693689318,7.312542493067065,8.25,True,True
775564285,852.96,12.34,12.240919243978826,0.9919707653143295,6.695848540003314,7.312542493067065,8.25,True,False
775564285,895.81,9.04,9.264122700207562,1.024792334093757,5.0675248500727434,7.312542493067065,8.25,True,True
88046487,632.15,11.28,10.904716566412585,0.9667301920578534,9.628002674621847,4.5304169244389545,5.62,False,False
88046487,829.85,6.2,6.678545964965938,1.0771848330590221,5.896628126156849,4.5304169244389545,5.62,True,True
88046487,885.76,8.64,8.465475202397375,0.9798003706478443,7.4743453802064685,4.5304169244389545,5.62,False,False
343296348,287.26,7.11,6.2388036984439,0.8774688746053305,7.9226952835971325,3.1498390257974447,4.41,False,False
343296348,288.27,10.81,10.222449930782032,0.9456475421630002,12.98155219623519,3.1498390257974447,4.41,False,False
1989258883,909.04,10.78,10.783532153181675,1.0003276579945894,6.939485235334064,6.21575335200641,7.29,True,False
842451090,311.8,10.51,9.902238462215054,0.9421730220946769,6.415905795967022,6.1735560197529775,7.42,True,False
7675859,254.49,4.14,3.793877819746007,0.9163956086343013,4.787346050208932,3.1699215222433588,4.09,True,True
7675859,353.25,10.5,10.236843326047886,0.9749374596236082,12.917472251872349,3.1699215222433588,4.09,False,False
7675859,356.1,5.26,4.902905636008693,0.9321113376442384,6.186784879821125,3.1699215222433588,4.09,True,False
7675859,575.41,5.87,5.7835847843661625,0.9852784981884434,7.29807945563663,3.1699215222433588,4.09,True,False
7675859,743.46,4.3,3.696668292233618,0.8596903005194461,4.6646811490998425,3.1699215222433588,4.09,True,True
7675859,798.65,4.72,4.388717511230285,0.9298130320403147,5.5379509939720934,3.1699215222433588,4.09,True,True
724128806,290.18,10.34,7.946341657354651,0.7685049958756917,5.236269397132853,6.070231345778896,9.15,True,False
149863849,261.18,1.69,1.9006933575595901,1.1246706257749055,5.932781965739221,1.281485393217389,1.49,True,True
149863849,379.89,3.3,3.3421291080859707,1.0127663963896882,10.43204745297949,1.281485393217389,1.49,False,False
149863849,389.68,2.39,2.3976933272786365,1.0032189653885508,7.484106615554364,1.281485393217389,1.49,False,False
149863849,398.96,10.3,12.14947936675504,1.1795611035684503,37.92311463262702,1.281485393217389,1.49,False,False
149863849,487.35,1.94,1.7602612910812916,0.907351180969738,5.4944404373173645,1.281485393217389,1.49,True,False
149863849,491.21,4.09,4.17906370508425,1.021775967013264,13.044436486605571,1.281485393217389,1.49,False,False
149863849,568.09,1.96,1.8434387649644015,0.9405299821246946,5.754068754029672,1.281485393217389,1.49,True,False
149863849,660.62,2.43,2.022052329704335,0.8321203002898497,6.311589161785529,1.281485393217389,1.49,False,False
149863849,750.1,4.59,4.419486795986685,0.9628511538097352,13.794887774384394,1.281485393217389,1.49,False,False
149863849,756.19,2.8,2.3573274162017372,0.8419026486434776,7.358109358650626,1.281485393217389,1.49,False,False
149863849,759.78,9.91,10.297903199147095,1.0391426033448128,32.1436459710007,1.281485393217389,1.49,False,False
149863849,763.4,3.48,3.3926621736509515,0.9749029234629171,10.589780239735985,1.281485393217389,1.49,False,False
149863849,769.67,1.99,2.1739200324532293,1.0924221268609193,6.785625630878958,1.281485393217389,1.49,True,False
149863849,789.27,3.27,3.4694453106236054,1.0609924497319894,10.829449415456752,1.281485393217389,1.49,False,False
149863849,796.04,1.53,1.0879232118626054,0.7110609227860166,3.3958193128715646,1.281485393217389,1.49,True,True
149863849,800.0,3.14,3.074585950793444,0.9791675002526891,9.596944193251138,1.281485393217389,1.49,False,False
149863849,804.01,1.51,0.9883975896021678,0.654567940133886,3.0851622494755904,1.281485393217389,1.49,True,True
149863849,811.0,1.58,1.4596355039749433,0.9238199392246477,4.556073792804701,1.281485393217389,1.49,True,True
149863849,835.84,2.08,1.9268490253681863,0.9263697237347049,6.014423685409323,1.281485393217389,1.49,True,False
461203226,259.91,10.29,9.955995734546503,0.9675408877110305,14.594387135019096,2.728719100689658,3.73,False,False
461203226,297.78,4.39,4.313094470220449,0.9824816560866627,6.322518824499531,2.728719100689658,3.73,True,False
685410570,556.66,7.41,7.385295689465191,0.996666084948069,4.813443424721811,6.137224467236378,7.36,True,True
685410570,812.91,9.05,9.05987204285113,1.001090833464213,5.904866013108908,6.137224467236378,7.36,True,True
685410570,965.5,10.23,10.230891526495173,1.0000871482399973,6.668090164283786,6.137224467236378,7.36,True,False
800126377,325.05,10.18,2.241029215998226,0.22014039449884343,1.4301414576316167,6.267993152815746,8.14,True,False
800126377,326.31,9.26,8.11998570651735,0.8768883052394546,5.181872735690299,6.267993152815746,8.14,True,True
317153172,395.94,3.89,3.0658604726896415,0.7881389389947664,4.734928867546792,2.5899949574347803,3.81,True,False
317153172,465.78,4.98,2.670539811788067,0.5362529742546319,4.124393839643705,2.5899949574347803,3.81,True,False
317153172,512.05,10.01,7.088704223000626,0.7081622600400226,10.947827064530692,2.5899949574347803,3.81,False,False
317153172,668.39,4.63,0.3744717804210945,0.08087943421621913,0.5783359220003798,2.5899949574347803,3.81,True,False
317153172,786.89,6.59,2.447728796149411,0.37143077331554036,3.780283493020736,2.5899949574347803,3.81,False,False
317153172,792.07,9.94,9.05156172713259,0.910619892065653,13.979273127384875,2.5899949574347803,3.81,False,False
30545382,718.18,5.15,5.369961366762013,1.0427109450023324,8.920602582630538,2.4078917615803035,3.59,True,False
30545382,781.18,8.89,1.06002740825948,0.11923817865685939,1.7609220234447456,2.4078917615803035,3.59,False,False
30545382,1141.29,4.9,1.7813761580205167,0.3635461546980646,2.959229623928605,2.4078917615803035,3.59,True,False
30545382,1160.54,9.82,3.0139014157220334,0.30691460445234553,5.0067058059852405,2.4078917615803035,3.59,False,False
46847635,415.81,9.66,9.654952594997106,0.9994774943061185,5.415466526871906,7.131391208560582,8.84,True,True
81848974,874.58,9.52,8.963892503413692,0.9415853469972366,7.258228204007793,4.9399893480693144,7.01,True,False
33717565,243.02,2.04,0.4998459769480092,0.24502253771961235,1.4524597003675168,1.3765503492359419,1.71,True,True
33717565,364.92,9.3,1.6556328475990416,0.178025037376241,4.810961977578242,1.3765503492359419,1.71,False,False
33717565,460.54,1.77,0.7335039370871117,0.4144090040040179,2.1314263949567707,1.3765503492359419,1.71,True,True
33717565,484.17,1.76,0.9824482324853436,0.5582092230030361,2.8548123445848654,1.3765503492359419,1.71,True,True
33717565,526.97,6.08,4.636371695778115,0.762561134174032,13.472436219573215,1.3765503492359419,1.71,False,False
33717565,615.13,1.74,1.3281831739735235,0.7633236632031745,3.859453959561262,1.3765503492359419,1.71,True,True
33717565,703.78,1.74,0.7008418979511407,0.40278269997191996,2.0365165672004517,1.3765503492359419,1.71,True,True
287926830,316.22,9.24,6.714429789554888,0.7266698906444684,5.110316117105606,5.2555886060197965,8.34,True,False
238815671,257.59,9.22,8.157531692662376,0.8847648256683704,10.92682207153452,2.986241247183323,4.37,False,False
238815671,287.29,6.86,6.485478665904242,0.9454050533388106,8.687146320842581,2.986241247183323,4.37,False,False
230029140,288.89,8.63,1.8853801847730698,0.21846815582538465,3.707227432873292,2.0342751761650657,3.16,False,False
230029140,311.06,9.01,7.960758616709302,0.8835470162829414,15.653258143210707,2.0342751761650657,3.16,False,False
230029140,364.41,4.36,1.2707691241551484,0.29146080829246523,2.498716278002766,2.0342751761650657,3.16,True,False
230029140,400.35,4.64,1.8458344532092308,0.3978091493985411,3.629468569122343,2.0342751761650657,3.16,True,False
230029140,784.77,7.19,7.106515367607235,0.9883887854808393,13.97355765999004,2.0342751761650657,3.16,False,False
13566624,407.63,7.83,7.815953474383733,0.9982060631396849,5.0960301309758895,6.134935056113554,7.01,True,True
13566624,421.87,8.92,8.882169632819298,0.9957589274461097,5.791206949431737,6.134935056113554,7.01,True,True
282783760,257.76,8.92,8.54479807837988,0.9579370043026771,6.980556314122333,4.896342178971001,6.43,True,False
1116746,303.01,8.61,8.510866561967807,0.9884862441309882,6.069173893300292,5.6092421878785705,7.24,True,False
1102242692,1003.09,4.94,2.4327714448243136,0.49246385522759384,2.7300510303949985,3.5644336574504645,4.89,True,True
1102242692,1009.027,8.37,2.9980184412117876,0.3581861936931646,3.3643700282598976,3.5644336574504645,4.89,False,False
1102242692,1015.04,5.73,1.470447746981917,0.25662264345234154,1.650133388128408,3.5644336574504645,4.89,True,False
1201194272,840.92,8.37,6.421515350930725,0.7672061351171715,6.407995776226469,4.008439190771263,6.9,True,False
441500792,786.55,7.66,7.660621500476898,1.0000811358324933,6.580480038218717,4.656573049981057,5.77,True,False
441500792,980.52,8.21,8.206327502217821,0.9995526799290889,7.049241933186211,4.656573049981057,5.77,True,False
631344957,313.44,6.44,2.906475024666712,0.45131599761905467,2.6129817473484165,4.44928484879946,6.23,True,True
631344957,363.14,7.94,4.7773735641819846,0.6016843279826176,4.294958607085857,4.44928484879946,6.23,True,False
201860926,486.05,4.49,2.7460157847515605,0.6115848072943342,3.115795369300185,3.525283864027723,4.4,True,True
201860926,520.42,7.53,7.024771402020567,0.9329045686614299,7.9707299303774,3.525283864027723,4.4,False,False
201860926,522.77,4.89,4.839419894668695,0.9896564201776473,5.49109811445316,3.525283864027723,4.4,True,True
201860926,525.06,5.89,2.611761599917117,0.4434230220572355,2.9634624622065076,3.525283864027723,4.4,True,False
201860926,880.74,7.31,4.75943873020263,0.651086009603643,5.400346654371095,3.525283864027723,4.4,False,False
201860926,893.74,6.82,0.5197896582902135,0.07621549241791986,0.5897847416988895,3.525283864027723,4.4,False,False
63281499,269.13,2.31,1.3861964447869348,0.6000850410333051,3.7739184949981195,1.4692383490784695,2.071,True,False
63281499,320.51,7.4,5.962990730554105,0.805809558182987,16.234236560171983,1.4692383490784695,2.071,False,False
63281499,383.7,2.73,2.329048885993394,0.8531314600708403,6.340833364318898,1.4692383490784695,2.071,True,False
733030384,275.49,7.35,3.6813850030173496,0.500868707893517,3.2285595447287574,4.56102475672523,5.91,True,False
733030384,411.28,6.26,5.4872154240493085,0.8765519846724136,4.812265415537078,4.56102475672523,5.91,True,True
65144290,278.172,7.272,0.9903090171047837,0.13618110796270402,4.376891795862592,0.905034040860601,4.87,True,False
159973152,922.33,6.43,6.429992210329212,0.9999987885426458,5.637542658168724,4.5622659376331205,5.444,True,True
159973152,977.55,7.27,7.262745253892348,0.9990020981970218,6.3676649745325635,4.5622659376331205,5.444,True,False
159973152,1023.48,6.07,6.064028753181215,0.9990162690578607,5.316681522802417,4.5622659376331205,5.444,True,True
55650407,126.84,1.8,0.0700359245452055,0.03890884696955861,1.034903014951502,0.2706956054176248,0.36,False,False
55650407,127.03,0.48,0.12586699829722345,0.26222291311921553,1.859904568499188,0.2706956054176248,0.36,True,False
55650407,153.26,0.41,0.03234661206353929,0.07889417576472997,0.4779776459781896,0.2706956054176248,0.36,True,False
55650407,199.52,0.59,0.036203213399548136,0.06136137864330193,0.5349656614291083,0.2706956054176248,0.36,False,False
55650407,200.08,4.42,0.14133914656280314,0.031977182480272204,2.088532561801251,0.2706956054176248,0.36,False,False
55650407,200.66,0.88,0.08779755026025084,0.09976994347755777,1.2973620332668232,0.2706956054176248,0.36,False,False
55650407,206.7,0.39,0.1486506791955145,0.3811555876808064,2.1965732168600027,0.2706956054176248,0.36,True,True
55650407,261.61,0.47,0.3821560622411918,0.8130980047684933,5.64702277529194,0.2706956054176248,0.36,True,False
55650407,262.46,7.19,0.8935738520311479,0.12428009068583419,13.204113168406362,0.2706956054176248,0.36,False,False
55650407,318.01,0.59,0.12727676312928954,0.21572332733777888,1.880736304276961,0.2706956054176248,0.36,False,False
55650407,320.76,1.59,0.15004246532272852,0.09436633039165315,2.217139285896355,0.2706956054176248,0.36,False,False
231277791,497.77,5.52,5.5146570562118296,0.9990320754006938,9.831692438557825,2.2436247230779953,2.8,False,False
231277791,500.65,3.64,3.6422700981503913,1.0006236533380195,6.49354602075095,2.2436247230779953,2.8,True,False
231277791,711.54,7.03,7.0121494743354855,0.9974608071600974,12.501465868526575,2.2436247230779953,2.8,False,False
231277791,717.44,3.33,3.3151839602029725,0.9955507387996914,5.910407255015306,2.2436247230779953,2.8,True,True
231277791,719.4,3.2,3.183795550003119,0.9949361093759747,5.676164141452886,2.2436247230779953,2.8,True,True
231277791,721.02,5.14,5.127024921027308,0.9974756655695153,9.140610492103367,2.2436247230779953,2.8,False,False
231277791,722.74,2.85,2.823251537947613,0.9906145747184607,5.03337569586849,2.2436247230779953,2.8,True,True
231277791,750.86,3.29,3.2738088972192347,0.9950786921639011,5.836642578493154,2.2436247230779953,2.8,True,True
231277791,762.96,3.2,3.226305210743514,1.008220378357348,5.751951612152668,2.2436247230779953,2.8,True,True
231277791,767.79,2.8,2.793657077325632,0.9977346704734401,4.980613822962435,2.2436247230779953,2.8,True,True
453210132,200.31,6.93,1.2274109280802343,0.17711557403755185,1.3947967210719503,3.519970787246835,5.85,True,False
114058447,319.91,2.92,2.5054771027195857,0.858040103671091,4.793662778729729,2.09065778580571,2.73,True,True
114058447,1401.0,3.28,3.1180888437644434,0.9506368426111108,5.965756547885288,2.09065778580571,2.73,True,False
114058447,1402.65,6.7,6.868112748377792,1.02509145498176,13.140577659353117,2.09065778580571,2.73,False,False
5624184,431.31,4.66,3.520191143276314,0.7554058247374064,4.174209675841875,3.3732767796973158,4.58,True,True
5624184,445.92,4.77,3.2853903332817693,0.6887610761597002,3.8957850752781304,3.3732767796973158,4.58,True,True
5624184,503.99,6.28,7.276933407734408,1.1587473579194916,8.628919454854064,3.3732767796973158,4.58,True,False
94748632,257.63,5.69,5.796379838940187,1.0186959295149711,7.700131727693491,3.011054898239484,3.86,True,False
94748632,306.97,6.28,6.22853274446488,0.9918045771440892,8.274220105527275,3.011054898239484,3.86,False,False
683837451,1036.28,6.11,6.369584207474517,1.042485140339528,6.648253748221213,3.832335195797088,5.69,True,False
264172524,336.26,2.78,1.312528635945949,0.47213260285825503,1.5927342526948767,3.296290347809561,2.45,True,True
264172524,463.08,5.69,4.1200341373427705,0.7240833281797487,4.999601009153336,3.296290347809561,2.45,False,False
264172524,847.81,2.62,1.3326188721062666,0.5086331572924682,1.6171134596705823,3.296290347809561,2.45,True,True
103700861,536.92,5.54,5.1933173234736545,0.9374218995439809,5.8184440212323665,3.5702447627045775,4.5,True,False
103700861,715.9,4.59,4.144490054257748,0.9029390096422109,4.643367981435716,3.5702447627045775,4.5,True,True
14448610,373.57,3.04,2.7048253367922346,0.889745176576393,4.623456115466414,2.3400895514020656,2.84,True,True
14448610,472.13,5.42,5.360017111980081,0.98893304649079,9.162071782712118,2.3400895514020656,2.84,False,False
14448610,496.91,4.89,4.978722807189846,1.0181437233517068,8.510311589070328,2.3400895514020656,2.84,False,False
14448610,527.92,3.08,1.7018983671406163,0.5525644049157845,2.909116646618798,2.3400895514020656,2.84,True,True
14448610,634.34,4.7,5.182648280839614,1.1026911235828967,8.858888802327122,2.3400895514020656,2.84,False,False
14448610,679.27,3.47,2.9045047558459918,0.8370330708489889,4.96477539349852,2.3400895514020656,2.84,True,True
394015496,309.31,4.08,4.032048479216496,0.988247176278553,9.050652157634875,1.7819924615333598,2.26,False,False
394015496,309.79,5.38,7.6671994923912345,1.4251300171730918,17.210397143417325,1.7819924615333598,2.26,False,False
394015496,310.27,4.64,4.813673358977712,1.0374296032279553,10.805148647678717,1.7819924615333598,2.26,False,False
192937035,298.27,5.25,2.86570783378454,0.5458491111970553,3.5205171606259626,3.2560078000301584,4.55,True,False
900762564,260.78,4.61,4.586018597940229,0.9947979605076418,5.474646757501917,3.350732057118389,4.32,True,True
900762564,268.39,5.12,4.350905502929433,0.8497862310409049,5.193976037190139,3.350732057118389,4.32,True,False
900762564,885.55,4.33,3.4814679041675745,0.8040341580063682,4.156068399168411,3.350732057118389,4.32,True,True
141179495,253.86,4.46,2.454705535401078,0.5503824070406004,3.7077208477386274,2.6482096535376716,3.87,True,False
423658036,372.32,4.344,2.174838548946932,0.5006534412861262,3.6419696007903126,2.38863998038313,3.637,True,False
21187072,776.71,3.56,3.424926887666788,0.9620581145131427,6.946222883616451,1.9722528027396953,3.13,True,False
21187072,794.27,3.13,3.0713116523826627,0.9812497291957389,6.229042540826902,1.9722528027396953,3.13,True,False
21187072,823.67,3.25,2.406540590443064,0.740474027828635,4.8807953769417205,1.9722528027396953,3.13,True,False
21187072,887.47,3.32,3.312595097382371,0.9977696076452925,6.718398559821093,1.9722528027396953,3.13,True,False
21187072,1076.93,4.13,4.094274387429465,0.9913497306124612,8.303751692971666,1.9722528027396953,3.13,True,False
29862344,352.09,2.22,0.8827105207374322,0.39761735168352796,2.697414601811993,1.3089727031869256,2.67,True,False
29862344,737.57,3.37,1.0762702224198717,0.31936801852221713,3.2889004325285054,1.3089727031869256,2.67,True,False
29862344,857.43,4.03,2.061686170952102,0.5115846578044918,6.300165514322988,1.3089727031869256,2.67,False,False
29862344,898.93,2.74,1.6334673471491876,0.5961559661128422,4.991600949881453,1.3089727031869256,2.67,True,False
232979174,282.66,3.54,1.310071744674519,0.37007676403234996,3.3092796620075826,1.5835128831387562,2.34,False,False
229581336,420.18,2.2,1.4428756907013842,0.6558525866824473,4.331298191819705,1.3325110641668287,2.2,True,False
229581336,519.02,2.29,1.29646345855074,0.5661412482754323,3.891790450119443,1.3325110641668287,2.2,True,False
229581336,1106.46,3.33,3.0388789064542086,0.912576248184447,9.122262435709862,1.3325110641668287,2.2,False,False
24603397,262.65,3.13,0.44559396490267617,0.14236228910628632,1.5662127889957356,1.1380164126699375,1.94,False,False
72637474,814.44,2.56,2.1168233797104232,0.8268841326993841,4.889196274451356,1.7318375134759456,2.51,True,True
72637474,901.16,2.69,2.575384199260762,0.9573918956359709,5.948327552027087,1.7318375134759456,2.51,True,False
72637474,966.24,2.55,2.0554372861110437,0.8060538376906055,4.74741370392331,1.7318375134759456,2.51,True,True
79353860,525.55,2.37,1.6692990116262836,0.704345574525858,4.367383666239667,1.5288778263564429,2.13,True,False
79353860,945.15,2.63,0.8701996182087397,0.33087437954704935,2.276701521095542,1.5288778263564429,2.13,True,False
79353860,982.02,2.34,2.0837970271502364,0.8905115500642037,5.451833995437696,1.5288778263564429,2.13,True,False
220555122,137.54,2.29,0.4738010514819877,0.20690002248121733,1.3498218520202194,1.4040402465640052,2.23,True,False
220555122,243.89,2.52,0.7058558017449446,0.2801015086289462,2.010927545623649,1.4040402465640052,2.23,True,False
220555122,539.45,2.36,1.0813669020462073,0.45820631442635906,3.0807290736645183,1.4040402465640052,2.23,True,False
158068117,268.45,2.48,0.9603490970993735,0.3872375391529732,2.701249944601843,1.4220810614264374,1.98,True,False
344130696,1018.68,2.43,1.9041117473373064,0.783585081208768,5.747433255468442,1.3251910289001607,2.0,True,False
344130696,1057.48,2.17,2.0376742730345896,0.9390204023200874,6.150582757040704,1.3251910289001607,2.0,True,False
207206751,627.26,1.49,1.4986392954507783,1.0057981848662942,8.091244501878538,0.7408696128773962,0.93,False,False
207206751,776.31,2.03,2.0204769642624543,0.9953088493903717,10.9086777437952,0.7408696128773962,0.93,False,False
207206751,810.13,1.14,1.1443503752909037,1.0038161186762313,6.178417121719787,0.7408696128773962,0.93,True,False
207206751,850.45,1.47,1.4644959935286925,0.9962557779106752,7.9069027427963725,0.7408696128773962,0.93,False,False
207206751,864.16,1.13,1.1223732244303877,0.9932506410888388,6.059761150528522,0.7408696128773962,0.93,True,False
207206751,893.48,2.07,2.070153690470943,1.0000742466043204,11.176885403253946,0.7408696128773962,0.93,False,False
207206751,906.07,1.38,1.3766525716640186,0.9975743272927672,7.43263077732322,0.7408696128773962,0.93,True,False
207206751,939.35,0.93,0.9314473287479524,1.0015562674709166,5.028940653297353,0.7408696128773962,0.93,True,True
207206751,1220.01,1.3,1.2962396775455938,0.9971074442658413,6.99847668207768,0.7408696128773962,0.93,True,False
207206751,1270.88,1.18,1.17101478702013,0.9923854127289238,6.3223798987901905,0.7408696128773962,0.93,True,False
370239521,297.24,0.53,0.479195371594693,0.9041422105560245,4.662880323493739,0.4110724173470942,0.52,True,True
370239521,563.65,0.61,0.6158714210867967,1.0096252804701586,5.992826520070578,0.4110724173470942,0.52,True,True
370239521,575.76,0.83,0.8270976207833627,0.9965031575703165,8.048193806056243,0.4110724173470942,0.52,False,False
370239521,809.26,1.18,1.1716459065577782,0.9929202597947273,11.400871059353848,0.4110724173470942,0.52,False,False
370239521,820.43,1.86,1.8303075421578237,0.9840363129880771,17.810073991049418,0.4110724173470942,0.52,False,False
409732714,448.23,1.51,1.2010193422444517,0.7953770478440078,4.86968400591785,0.9865275371337618,1.34,True,False
409732714,940.48,1.26,0.11879269627380065,0.09427991767761956,0.48165993062469875,0.9865275371337618,1.34,True,True
230384389,457.17,1.32,0.8492579592179161,0.6433772418317546,10.483960477463125,0.32402180875959075,0.47,False,False
230384389,493.86,0.85,0.13651537103178812,0.16060631886092722,1.6852615143948688,0.32402180875959075,0.47,False,False
230384389,494.78,0.9,0.7185368546424626,0.7983742829360696,8.870228302139799,0.32402180875959075,0.47,False,False
230384389,707.93,1.41,1.2923386067335922,0.9165522033571577,15.953723753112532,0.32402180875959075,0.47,False,False
230384389,749.62,0.74,0.6163438671990515,0.8328971178365562,7.608671398490344,0.32402180875959075,0.47,False,False
230384389,753.07,0.85,0.8204470142784178,0.965231781504021,10.128293739476675,0.32402180875959075,0.47,False,False
230384389,756.81,0.71,0.7146704082908396,1.006578039846253,8.822497609364216,0.32402180875959075,0.47,False,False
230384389,1633.58,0.59,0.5612903655374547,0.9513396026058555,6.929044284842028,0.32402180875959075,0.47,True,False
141976247,261.72,0.86,0.21401845501371483,0.24885866862059863,1.6798606847296185,0.509610009828076,0.71,True,False
