sid,external_id,class_label,label_positive,weight,cluster,primary_freq,amp,truth_period_days,freq_scorable,arm,scenario,template_k,pool_index,ratio_g,ratio_rg,phase_draw,amp_scale,dominant_dropped,dropped_period_s,crowdsap,cadence_code,cadence_s,n_strata_scheduled,null_serial,control_campaign_id,shard_sha256,median_exp_per_night,template_status,baseline_days,n_exp_zg,n_exp_zr,best_pass,best_status,best_frequency_per_day,low_available,high_available,low_status,low_frequency_per_day,low_match,low_match_primary,low_eligible,high_status,high_frequency_per_day,high_match,high_match_primary,high_eligible,best_candidate_matches_any_mode,best_candidate_matches_dominant,any_top_peak_matches_any_mode,eligible_any_pass,census_variable,census_g_nightly,prov_valid,platform_boundary_sensitive,platform_boundary_fields
9200084456650220000,TIC 8445665,arm_B,True,1.0,8445665,106.30444411634431,18.2,0.009406944444444443,True,B,nominal,0,146,1.7,0.8,0,1.0,False,,,0,120.0,3,-1,9500000000000000146,5ff287837777c680b7f7ba9a22ca3352db3b05b0b965624ffed65f8371615a86,1.0,confirmed,2518.0456168758683,93,369,low,confirmed,9.608364454500151,True,True,confirmed,9.608364454500151,unmatched,unmatched,False,not_detected,1075.212886001695,unmatched,unmatched,True,unmatched,unmatched,False,True,True,True,True,False,
9300084456650220000,TIC 8445665,arm_A,True,1.0,8445665,106.30444411634431,18.2,0.009406944444444443,True,A,nominal,0,146,1.7,0.8,0,1.0,False,,,0,120.0,3,-1,,dd17e973895f5cc1321198f686aedf9d4cbdc9983742bd2e1c6ca535ed687dc5,1.0,confirmed,2518.0456168758683,93,369,high,confirmed,1031.2472408767453,True,True,not_detected,28.10644077521051,unmatched,unmatched,False,confirmed,1031.2472408767453,unmatched,unmatched,True,unmatched,unmatched,True,True,False,False,True,False,
9200084456651220000,TIC 8445665,arm_B,True,1.0,8445665,106.30444411634431,18.2,0.009406944444444443,True,B,nominal,1,567,1.7,0.8,0,1.0,False,,,0,120.0,3,-1,9500000000000000567,b615366f75686d63cd9fa988089d9c7f18a0f5dd34184441249d51fa32b2897a,1.0,not_detected,2765.320685334038,278,480,high,candidate,106.3045230186412,True,True,not_detected,27.858685760597105,unmatched,unmatched,False,candidate,106.3045230186412,direct,direct,True,direct,direct,True,True,False,False,True,False,
9300084456651220000,TIC 8445665,arm_A,True,1.0,8445665,106.30444411634431,18.2,0.009406944444444443,True,A,nominal,1,567,1.7,0.8,0,1.0,False,,,0,120.0,3,-1,,b4026b6ecb44b9f6eb07b86bf4b6be13c6e4665011e41fa05ca236593a55b9cf,1.0,not_detected,2765.320685334038,278,480,high,confirmed,97.29905752884328,True,True,not_detected,46.42495920305615,unmatched,unmatched,False,confirmed,97.29905752884328,unmatched,unmatched,True,unmatched,unmatched,True,True,False,False,True,False,
9200084456652220000,TIC 8445665,arm_B,True,1.0,8445665,106.30444411634431,18.2,0.009406944444444443,True,B,nominal,2,927,1.7,0.8,0,1.0,False,,,0,120.0,3,-1,9500000000000000927,cf9a1ce53649cb0fdcf2dc985700e9a08a501b135cef8eb96a77f465d0eee00f,1.0,not_detected,2744.115714833606,245,66,low,not_detected,1.0028002773807445,True,True,not_detected,1.0028002773807445,unmatched,unmatched,False,not_detected,859.6734330130284,unmatched,unmatched,True,unmatched,unmatched,False,True,True,True,True,False,
9300084456652220000,TIC 8445665,arm_A,True,1.0,8445665,106.30444411634431,18.2,0.009406944444444443,True,A,nominal,2,927,1.7,0.8,0,1.0,False,,,0,120.0,3,-1,,bf945e9fc551c2f2f70574479fc84b714d7fda1e9d3e567053dcb1a18af1660f,1.0,not_detected,2744.115714833606,245,66,low,not_detected,45.82889829324332,True,True,not_detected,45.82889829324332,unmatched,unmatched,False,not_detected,418.3033794643058,unmatched,unmatched,True,unmatched,unmatched,False,True,False,False,True,False,
9200084456651110000,TIC 8445665,arm_B,True,1.0,8445665,106.30444411634431,18.2,0.009406944444444443,True,B,ladder_g1r1,1,567,1.4,0.7,0,1.0,False,,,0,120.0,1,-1,9500000000000000567,9e4690ea220ae7c9f30a0ef50a6665c9decf01bb53451b45a1af5487b85096db,1.0,not_detected,2765.320685334038,278,480,high,candidate,106.3045230186412,True,True,not_detected,27.858685760597105,unmatched,unmatched,False,candidate,106.3045230186412,direct,direct,True,direct,direct,True,True,False,False,True,False,
9200084456651120000,TIC 8445665,arm_B,True,1.0,8445665,106.30444411634431,18.2,0.009406944444444443,True,B,ladder_g1r2,1,567,1.4,0.8,0,1.0,False,,,0,120.0,1,-1,9500000000000000567,5fbf7d54065a9da15b6c435761caccdf6022acac0c57aec10ac53450af7c69bb,1.0,not_detected,2765.320685334038,278,480,high,candidate,106.3045230186412,True,True,not_detected,27.858685760597105,unmatched,unmatched,False,candidate,106.3045230186412,direct,direct,True,direct,direct,True,True,False,False,True,False,
9200084456651130000,TIC 8445665,arm_B,True,1.0,8445665,106.30444411634431,18.2,0.009406944444444443,True,B,ladder_g1r3,1,567,1.4,0.9,0,1.0,False,,,0,120.0,1,-1,9500000000000000567,07a734819850c648e139b71cf98c8e3e61c35778b6d23e6f09d4eb0ae9cc6fce,1.0,not_detected,2765.320685334038,278,480,high,candidate,106.3045230186412,True,True,not_detected,27.858685760597105,unmatched,unmatched,False,candidate,106.3045230186412,direct,direct,True,direct,direct,True,True,False,False,True,False,
9200084456651210000,TIC 8445665,arm_B,True,1.0,8445665,106.30444411634431,18.2,0.009406944444444443,True,B,ladder_g2r1,1,567,1.7,0.7,0,1.0,False,,,0,120.0,1,-1,9500000000000000567,9399a8ae7743328efd3c0c8b541ca335b97cdf4ff19f1814c0d3149f54d6a08e,1.0,not_detected,2765.320685334038,278,480,high,candidate,106.3045230186412,True,True,not_detected,27.858685760597105,unmatched,unmatched,False,candidate,106.3045230186412,direct,direct,True,direct,direct,True,True,False,False,True,False,
9200084456651230000,TIC 8445665,arm_B,True,1.0,8445665,106.30444411634431,18.2,0.009406944444444443,True,B,ladder_g2r3,1,567,1.7,0.9,0,1.0,False,,,0,120.0,1,-1,9500000000000000567,81a55dec837b49ded98e03859b60bde7bf80490d79528db795900792fbe50aa1,1.0,not_detected,2765.320685334038,278,480,high,confirmed,106.3045230186412,True,True,not_detected,27.858685760597105,unmatched,unmatched,False,confirmed,106.3045230186412,direct,direct,True,direct,direct,True,True,False,False,True,False,
9200084456651310000,TIC 8445665,arm_B,True,1.0,8445665,106.30444411634431,18.2,0.009406944444444443,True,B,ladder_g3r1,1,567,2.1,0.7,0,1.0,False,,,0,120.0,1,-1,9500000000000000567,08065356ccf3cf64ddc09a551b4e19e6d2d3b56a99811c34c71876388ebd0212,1.0,not_detected,2765.320685334038,278,480,high,confirmed,106.3045230186412,True,True,not_detected,27.858685760597105,unmatched,unmatched,False,confirmed,106.3045230186412,direct,direct,True,direct,direct,True,True,True,True,True,False,
9200084456651320000,TIC 8445665,arm_B,True,1.0,8445665,106.30444411634431,18.2,0.009406944444444443,True,B,ladder_g3r2,1,567,2.1,0.8,0,1.0,False,,,0,120.0,1,-1,9500000000000000567,b645c06806be4007d88a5fb56f361ede1c9d16406af1e462f316dc7e8dc2d2be,1.0,not_detected,2765.320685334038,278,480,high,confirmed,106.3045230186412,True,True,not_detected,27.858685760597105,unmatched,unmatched,False,confirmed,106.3045230186412,direct,direct,True,direct,direct,True,True,True,True,True,False,
9200084456651330000,TIC 8445665,arm_B,True,1.0,8445665,106.30444411634431,18.2,0.009406944444444443,True,B,ladder_g3r3,1,567,2.1,0.9,0,1.0,False,,,0,120.0,1,-1,9500000000000000567,548ee284f1d039673ed995bb4b1636032fe03c7a557d3ce18ddb3a535df4c29b,1.0,not_detected,2765.320685334038,278,480,high,confirmed,106.3045230186412,True,True,not_detected,27.858685760597105,unmatched,unmatched,False,confirmed,106.3045230186412,direct,direct,True,direct,direct,True,True,True,True,True,False,
9200084456651221000,TIC 8445665,arm_B,True,1.0,8445665,106.30444411634431,18.2,0.009406944444444443,True,B,phase_1,1,567,1.7,0.8,1,1.0,False,,,0,120.0,1,-1,9500000000000000567,c3ef1e1a8bc587eaf490f5070589f6b7fdc0e36380d3b98f0c2d9c2b63435a36,1.0,not_detected,2765.320685334038,278,480,high,not_detected,116.30990870383084,True,True,not_detected,13.934514070777777,unmatched,unmatched,False,not_detected,116.30990870383084,unmatched,unmatched,True,unmatched,unmatched,True,True,False,False,True,False,
9200084456651222000,TIC 8445665,arm_B,True,1.0,8445665,106.30444411634431,18.2,0.009406944444444443,True,B,phase_2,1,567,1.7,0.8,2,1.0,False,,,0,120.0,1,-1,9500000000000000567,13bc77b2f6152ae45da7750a9a0d823d109e27acabfcddbf74c653fce8adeb00,1.0,not_detected,2765.320685334038,278,480,high,not_detected,135.35182318386492,True,True,not_detected,35.35900936140024,unmatched,unmatched,False,not_detected,135.35182318386492,unmatched,unmatched,True,unmatched,unmatched,False,True,False,False,True,False,
9200084456651220100,TIC 8445665,arm_B,True,1.0,8445665,106.30444411634431,18.2,0.009406944444444443,True,B,ampscale_0.7,1,567,1.7,0.8,0,0.7,False,,,0,120.0,1,-1,9500000000000000567,7681b896272fc21e8781db6ce6549a3c622578331c9ed2e6a090cf5680cc5631,1.0,not_detected,2765.320685334038,278,480,high,candidate,106.3045230186412,True,True,not_detected,27.858685760597105,unmatched,unmatched,False,candidate,106.3045230186412,direct,direct,True,direct,direct,True,True,False,False,True,False,
9200084456651220200,TIC 8445665,arm_B,True,1.0,8445665,106.30444411634431,18.2,0.009406944444444443,True,B,ampscale_1.3,1,567,1.7,0.8,0,1.3,False,,,0,120.0,1,-1,9500000000000000567,6035f647d85f33603dbf7547b5f60a8e947b143daa405f2a04ae31bba6103406,1.0,not_detected,2765.320685334038,278,480,high,confirmed,106.3045230186412,True,True,not_detected,27.858685760597105,unmatched,unmatched,False,confirmed,106.3045230186412,direct,direct,True,direct,direct,True,True,True,True,True,False,
9200084456651220300,TIC 8445665,arm_B,True,1.0,8445665,135.37651593494405,15.05,0.007386805555555556,True,B,dropout,1,567,1.7,0.8,0,1.0,True,812.76,,0,120.0,1,-1,9500000000000000567,3f1817fe0b9a99579b1063625623af8d413a82bb59815c4874999828da92c5a4,1.0,not_detected,2765.320685334038,278,480,high,candidate,130.38476816097133,True,True,not_detected,41.42380325273662,unmatched,unmatched,False,candidate,130.38476816097133,unmatched,unmatched,True,unmatched,unmatched,False,True,False,False,True,False,
9200337175650220000,TIC 33717565,arm_B,True,1.0,33717565,236.7642222952976,9.3,0.004223611111111111,True,B,nominal,0,121,1.7,0.8,0,1.0,False,,,0,20.0,3,-1,9500000000000000121,69b9a46a1d71f37992dbcf544635b725090f7ffb963c3aca80dd4399da664aee,1.0,confirmed,2771.858495029155,926,1364,low,confirmed,3.2318749373624764,True,True,confirmed,3.2318749373624764,unmatched,unmatched,False,confirmed,236.76425223640314,direct,direct,True,unmatched,unmatched,True,True,False,False,True,False,
9300337175650220000,TIC 33717565,arm_A,True,1.0,33717565,236.7642222952976,9.3,0.004223611111111111,True,A,nominal,0,121,1.7,0.8,0,1.0,False,,,0,20.0,3,-1,,edaa72638b1b2c4fcc1da435e60c8ad9b0f740f04f2945e427c4c87a4be6af3a,1.0,confirmed,2771.858495029155,926,1364,high,confirmed,236.76425223640314,True,True,not_detected,28.602830967807424,unmatched,unmatched,False,confirmed,236.76425223640314,direct,direct,True,direct,direct,True,True,False,False,True,False,
9200337175651220000,TIC 33717565,arm_B,True,1.0,33717565,236.7642222952976,9.3,0.004223611111111111,True,B,nominal,1,531,1.7,0.8,0,1.0,False,,,0,20.0,3,-1,9500000000000000531,29f70eaa8aeb15d78bf98f863eefc6f2866ad1608f28d29eeff06fb0eb945876,1.0,not_detected,2745.310344768688,456,528,low,not_detected,28.5415818831958,True,True,not_detected,28.5415818831958,unmatched,unmatched,False,not_detected,601.5012296956113,unmatched,unmatched,True,unmatched,unmatched,False,True,False,False,True,False,
9300337175651220000,TIC 33717565,arm_A,True,1.0,33717565,236.7642222952976,9.3,0.004223611111111111,True,A,nominal,1,531,1.7,0.8,0,1.0,False,,,0,20.0,3,-1,,4846cd45236773f61f5caad0e64260060b343a9e12645369b12ff8c5d15256ff,1.0,not_detected,2745.310344768688,456,528,high,not_detected,676.1004459154649,True,True,not_detected,39.830105258723734,unmatched,unmatched,False,not_detected,676.1004459154649,unmatched,unmatched,True,unmatched,unmatched,False,True,False,False,True,False,
9200337175652220000,TIC 33717565,arm_B,True,1.0,33717565,236.7642222952976,9.3,0.004223611111111111,True,B,nominal,2,881,1.7,0.8,0,1.0,False,,,0,20.0,3,-1,9500000000000000881,6f78f3f1df60d82d8995505394e915e0e0b6e9355965f89492ac8351d154cb84,1.0,confirmed,2767.2332345717587,762,786,high,confirmed,236.76421251536263,True,True,not_detected,10.015527297715858,unmatched,unmatched,False,confirmed,236.76421251536263,direct,direct,True,direct,direct,True,True,False,False,True,False,
9300337175652220000,TIC 33717565,arm_A,True,1.0,33717565,236.7642222952976,9.3,0.004223611111111111,True,A,nominal,2,881,1.7,0.8,0,1.0,False,,,0,20.0,3,-1,,1dad822a3a445adcd918df57bff380634605978ee1fff04ee46ef8c3f96168c1,1.0,confirmed,2767.2332345717587,762,786,high,confirmed,236.76421251536263,True,True,not_detected,15.765819611786924,unmatched,unmatched,False,confirmed,236.76421251536263,direct,direct,True,direct,direct,True,True,False,False,True,False,
9200337175651110000,TIC 33717565,arm_B,True,1.0,33717565,236.7642222952976,9.3,0.004223611111111111,True,B,ladder_g1r1,1,531,1.4,0.7,0,1.0,False,,,0,20.0,1,-1,9500000000000000531,3602cfb44a88b227633b6b2513bfd88659568591dc666749317107966d5b4595,1.0,not_detected,2745.310344768688,456,528,low,not_detected,28.5415818831958,True,True,not_detected,28.5415818831958,unmatched,unmatched,False,not_detected,634.9061233080043,unmatched,unmatched,True,unmatched,unmatched,False,True,False,False,True,False,
9200337175651120000,TIC 33717565,arm_B,True,1.0,33717565,236.7642222952976,9.3,0.004223611111111111,True,B,ladder_g1r2,1,531,1.4,0.8,0,1.0,False,,,0,20.0,1,-1,9500000000000000531,3a6a6f966864f68ef94e93b0cf505587a43c36936bfa70952bc14f623afa8d17,1.0,not_detected,2745.310344768688,456,528,low,not_detected,28.5415818831958,True,True,not_detected,28.5415818831958,unmatched,unmatched,False,not_detected,634.9061233080043,unmatched,unmatched,True,unmatched,unmatched,False,True,False,False,True,False,
9200337175651130000,TIC 33717565,arm_B,True,1.0,33717565,236.7642222952976,9.3,0.004223611111111111,True,B,ladder_g1r3,1,531,1.4,0.9,0,1.0,False,,,0,20.0,1,-1,9500000000000000531,e4ef76a423ff4b59106a2e38da65cfa6aadda3b1449a2f4e388faf6634c7fbbe,1.0,not_detected,2745.310344768688,456,528,low,not_detected,28.5415818831958,True,True,not_detected,28.5415818831958,unmatched,unmatched,False,not_detected,601.5012296956113,unmatched,unmatched,True,unmatched,unmatched,False,True,False,False,True,False,
9200337175651210000,TIC 33717565,arm_B,True,1.0,33717565,236.7642222952976,9.3,0.004223611111111111,True,B,ladder_g2r1,1,531,1.7,0.7,0,1.0,False,,,0,20.0,1,-1,9500000000000000531,9dcb87b4b41ff7b0d19bcfba3a8be8b799361c460e722387271038aff591cbfb,1.0,not_detected,2745.310344768688,456,528,low,not_detected,28.5415818831958,True,True,not_detected,28.5415818831958,unmatched,unmatched,False,not_detected,601.5012296956113,unmatched,unmatched,True,unmatched,unmatched,False,True,False,False,True,False,
9200337175651230000,TIC 33717565,arm_B,True,1.0,33717565,236.7642222952976,9.3,0.004223611111111111,True,B,ladder_g2r3,1,531,1.7,0.9,0,1.0,False,,,0,20.0,1,-1,9500000000000000531,e63e46fa20cbbaa1f042c4c4f8480084931901407dc7d1e1be07317eb65c0efa,1.0,not_detected,2745.310344768688,456,528,low,not_detected,28.5415818831958,True,True,not_detected,28.5415818831958,unmatched,unmatched,False,not_detected,601.5012296956113,unmatched,unmatched,True,unmatched,unmatched,False,True,False,False,True,False,
9200337175651310000,TIC 33717565,arm_B,True,1.0,33717565,236.7642222952976,9.3,0.004223611111111111,True,B,ladder_g3r1,1,531,2.1,0.7,0,1.0,False,,,0,20.0,1,-1,9500000000000000531,59796702e827601cfb51dacc526fc870196b8bd2970062439d7c5ae073d597e8,1.0,not_detected,2745.310344768688,456,528,low,not_detected,46.77733438942771,True,True,not_detected,46.77733438942771,unmatched,unmatched,False,not_detected,601.5012296956113,unmatched,unmatched,True,unmatched,unmatched,False,True,False,False,True,False,
9200337175651320000,TIC 33717565,arm_B,True,1.0,33717565,236.7642222952976,9.3,0.004223611111111111,True,B,ladder_g3r2,1,531,2.1,0.8,0,1.0,False,,,0,20.0,1,-1,9500000000000000531,e88d0dec331227498ba185d213897aba371a623a489fd13c0dc3088b9c67734f,1.0,not_detected,2745.310344768688,456,528,low,not_detected,28.5415818831958,True,True,not_detected,28.5415818831958,unmatched,unmatched,False,not_detected,601.5012296956113,unmatched,unmatched,True,unmatched,unmatched,False,True,False,False,True,False,
9200337175651330000,TIC 33717565,arm_B,True,1.0,33717565,236.7642222952976,9.3,0.004223611111111111,True,B,ladder_g3r3,1,531,2.1,0.9,0,1.0,False,,,0,20.0,1,-1,9500000000000000531,fd5cc49f945035580257f53a1301b2185b160ecfcdc70811cd92c063260a5e90,1.0,not_detected,2745.310344768688,456,528,low,not_detected,28.5415818831958,True,True,not_detected,28.5415818831958,unmatched,unmatched,False,not_detected,601.5012296956113,unmatched,unmatched,True,unmatched,unmatched,True,True,False,False,True,False,
9200337175651221000,TIC 33717565,arm_B,True,1.0,33717565,236.7642222952976,9.3,0.004223611111111111,True,B,phase_1,1,531,1.7,0.8,1,1.0,False,,,0,20.0,1,-1,9500000000000000531,2f28930d2b50f2e8e1ba5121a1606bbf20550d83feb2989e7e9688137d8dbda6,1.0,not_detected,2745.310344768688,456,528,low,not_detected,34.25212023084513,True,True,not_detected,34.25212023084513,unmatched,unmatched,False,not_detected,1410.773814936678,unmatched,unmatched,True,unmatched,unmatched,True,True,False,False,True,False,
9200337175651222000,TIC 33717565,arm_B,True,1.0,33717565,236.7642222952976,9.3,0.004223611111111111,True,B,phase_2,1,531,1.7,0.8,2,1.0,False,,,0,20.0,1,-1,9500000000000000531,39578df0b385ab8c2f0999bfc0c7ebf02d298ba9799be054294bc88aebc7af0b,1.0,not_detected,2745.310344768688,456,528,low,not_detected,34.377971211831074,True,True,not_detected,34.377971211831074,unmatched,unmatched,False,not_detected,349.84534630286834,unmatched,unmatched,True,unmatched,unmatched,True,True,False,False,True,False,
9200337175651220100,TIC 33717565,arm_B,True,1.0,33717565,236.7642222952976,9.3,0.004223611111111111,True,B,ampscale_0.7,1,531,1.7,0.8,0,0.7,False,,,0,20.0,1,-1,9500000000000000531,63257b93fb4c622f9fd2a36fb4b961d79bc0499ce6246bb62a469a6c44e03e23,1.0,not_detected,2745.310344768688,456,528,low,not_detected,28.5415818831958,True,True,not_detected,28.5415818831958,unmatched,unmatched,False,not_detected,634.9061233080043,unmatched,unmatched,True,unmatched,unmatched,False,True,False,False,True,False,
9200337175651220200,TIC 33717565,arm_B,True,1.0,33717565,236.7642222952976,9.3,0.004223611111111111,True,B,ampscale_1.3,1,531,1.7,0.8,0,1.3,False,,,0,20.0,1,-1,9500000000000000531,49f056cf08e55a0dd1d47c3f3bd5127e10acb252d296d463aeb7075485b3ba22,1.0,not_detected,2745.310344768688,456,528,low,not_detected,46.77733438942771,True,True,not_detected,46.77733438942771,unmatched,unmatched,False,not_detected,601.5012296956113,unmatched,unmatched,True,unmatched,unmatched,False,True,False,False,True,False,
9200337175651220300,TIC 33717565,arm_B,True,1.0,33717565,163.9562024403666,6.08,0.006099189814814815,True,B,dropout,1,531,1.7,0.8,0,1.0,True,364.92,,0,20.0,1,-1,9500000000000000531,07cc45681ca11b487b2dbab4f86cbcb41f149e004bfd35f6dae04f3b26d1cc3f,1.0,not_detected,2745.310344768688,456,528,low,not_detected,27.704663753200705,True,True,not_detected,27.704663753200705,unmatched,unmatched,False,not_detected,625.838077486723,unmatched,unmatched,True,unmatched,unmatched,False,True,False,False,True,False,
9200337175651220001,TIC 33717565,arm_B,True,1.0,33717565,236.7642222952976,9.3,0.004223611111111111,True,B,cadence_alt,1,531,1.7,0.8,0,1.0,False,,,1,120.0,1,-1,9500000000000000531,1d49e3a6a0b29c96855ccef5cab9789bc60647ada47e17e15ae46728dd600694,1.0,not_detected,2745.310344768688,456,528,low,not_detected,28.5415818831958,True,True,not_detected,28.5415818831958,unmatched,unmatched,False,not_detected,601.5012296956113,unmatched,unmatched,True,unmatched,unmatched,False,True,False,False,True,False,
9201419762470220000,TIC 141976247,arm_B,True,1.0,141976247,330.12379642365886,0.86,0.003029166666666667,True,B,nominal,0,290,1.7,0.8,0,1.0,False,,,0,20.0,3,-1,9500000000000000290,696d764af3ead9dee72b15747118f4cf3b1349d6d3ef4db19861116afda023c9,1.0,not_detected,2648.898938031867,524,514,low,not_detected,2.0024546515697184,True,True,not_detected,2.0024546515697184,unmatched,unmatched,False,not_detected,496.1705996565103,unmatched,unmatched,True,unmatched,unmatched,False,True,False,False,True,False,
9301419762470220000,TIC 141976247,arm_A,True,1.0,141976247,330.12379642365886,0.86,0.003029166666666667,True,A,nominal,0,290,1.7,0.8,0,1.0,False,,,0,20.0,3,-1,,b59af477564a1955e3b96cc42048e50a411a709a300c0508815fb51ae6740611,1.0,not_detected,2648.898938031867,524,514,low,not_detected,9.472690573330636,True,True,not_detected,9.472690573330636,unmatched,unmatched,False,not_detected,517.1395008110669,unmatched,unmatched,True,unmatched,unmatched,False,True,False,False,True,False,
9201419762471220000,TIC 141976247,arm_B,True,1.0,141976247,330.12379642365886,0.86,0.003029166666666667,True,B,nominal,1,576,1.7,0.8,0,1.0,False,,,0,20.0,3,-1,9500000000000000576,dfb876cf6f42b83fc1c67205feb15dc82cc9bdb5cf6793fb3eed690917f496a3,1.0,not_detected,2770.254053567536,322,980,low,not_detected,1.002796114104585,True,True,not_detected,1.002796114104585,unmatched,unmatched,False,not_detected,339.9318542907289,unmatched,unmatched,True,unmatched,unmatched,False,True,False,False,True,False,
9301419762471220000,TIC 141976247,arm_A,True,1.0,141976247,330.12379642365886,0.86,0.003029166666666667,True,A,nominal,1,576,1.7,0.8,0,1.0,False,,,0,20.0,3,-1,,7975e1fbbf6ca6a4299dea77e09390ab71ce96edb7251209d3043baa30074db9,1.0,not_detected,2770.254053567536,322,980,low,not_detected,16.954762665002967,True,True,not_detected,16.954762665002967,unmatched,unmatched,False,not_detected,626.4428690396692,unmatched,unmatched,True,unmatched,unmatched,False,True,False,False,True,False,
9201419762472220000,TIC 141976247,arm_B,True,1.0,141976247,330.12379642365886,0.86,0.003029166666666667,True,B,nominal,2,100,1.7,0.8,0,1.0,False,,,0,20.0,3,-1,9500000000000000100,d7abadabf636948881fc5ba2fbfbb1fe69c604e6160a409a523e9f4827a330a0,2.0,confirmed,2701.8030513930134,1958,1756,high,confirmed,413.0400151328802,True,True,not_detected,1.0027007699925516,unmatched,unmatched,False,confirmed,413.0400151328802,unmatched,unmatched,True,unmatched,unmatched,False,True,True,False,True,False,
9301419762472220000,TIC 141976247,arm_A,True,1.0,141976247,330.12379642365886,0.86,0.003029166666666667,True,A,nominal,2,100,1.7,0.8,0,1.0,False,,,0,20.0,3,-1,,36a5113815d4d790ceaf835249ebb88438fe9f2932bfccfb010da6053702c8f1,2.0,confirmed,2701.8030513930134,1958,1756,low,not_detected,28.088205748702794,True,True,not_detected,28.088205748702794,unmatched,unmatched,False,not_detected,1345.7904606920656,unmatched,unmatched,True,unmatched,unmatched,False,True,False,False,True,False,
9201419762471110000,TIC 141976247,arm_B,True,1.0,141976247,330.12379642365886,0.86,0.003029166666666667,True,B,ladder_g1r1,1,576,1.4,0.7,0,1.0,False,,,0,20.0,1,-1,9500000000000000576,dd893d15da72a75fbf2dfc89191dbbeab25eefa9e58c0bfcd8413f572ac9fcdb,1.0,not_detected,2770.254053567536,322,980,low,not_detected,1.002796114104585,True,True,not_detected,1.002796114104585,unmatched,unmatched,False,not_detected,339.9318542907289,unmatched,unmatched,True,unmatched,unmatched,False,True,False,False,True,False,
9201419762471120000,TIC 141976247,arm_B,True,1.0,141976247,330.12379642365886,0.86,0.003029166666666667,True,B,ladder_g1r2,1,576,1.4,0.8,0,1.0,False,,,0,20.0,1,-1,9500000000000000576,b2bd0b570d9ad1c10ef64eca1c9edc73d27a41f0b1e813a71926e8260934086e,1.0,not_detected,2770.254053567536,322,980,low,not_detected,1.002796114104585,True,True,not_detected,1.002796114104585,unmatched,unmatched,False,not_detected,339.9318542907289,unmatched,unmatched,True,unmatched,unmatched,False,True,False,False,True,False,
9201419762471130000,TIC 141976247,arm_B,True,1.0,141976247,330.12379642365886,0.86,0.003029166666666667,True,B,ladder_g1r3,1,576,1.4,0.9,0,1.0,False,,,0,20.0,1,-1,9500000000000000576,8ea7b82858a0904819b790743229dc321fcf0c098549be19cfeef17d240f902f,1.0,not_detected,2770.254053567536,322,980,low,not_detected,1.002796114104585,True,True,not_detected,1.002796114104585,unmatched,unmatched,False,not_detected,339.9318542907289,unmatched,unmatched,True,unmatched,unmatched,False,True,False,False,True,False,
9201419762471210000,TIC 141976247,arm_B,True,1.0,141976247,330.12379642365886,0.86,0.003029166666666667,True,B,ladder_g2r1,1,576,1.7,0.7,0,1.0,False,,,0,20.0,1,-1,9500000000000000576,f59bf5f7c3dea4921175bb7c12aa94c4d4976cb54a6560d330ac4abc3c7f0cd5,1.0,not_detected,2770.254053567536,322,980,low,not_detected,1.002796114104585,True,True,not_detected,1.002796114104585,unmatched,unmatched,False,not_detected,339.9318542907289,unmatched,unmatched,True,unmatched,unmatched,False,True,False,False,True,False,
9201419762471230000,TIC 141976247,arm_B,True,1.0,141976247,330.12379642365886,0.86,0.003029166666666667,True,B,ladder_g2r3,1,576,1.7,0.9,0,1.0,False,,,0,20.0,1,-1,9500000000000000576,c16a106f525ebf53fc57e4d863bef93558d45406a4e59afc86c275b5ebe6167f,1.0,not_detected,2770.254053567536,322,980,low,not_detected,1.002796114104585,True,True,not_detected,1.002796114104585,unmatched,unmatched,False,not_detected,339.9318542907289,unmatched,unmatched,True,unmatched,unmatched,False,True,False,False,True,False,
9201419762471310000,TIC 141976247,arm_B,True,1.0,141976247,330.12379642365886,0.86,0.003029166666666667,True,B,ladder_g3r1,1,576,2.1,0.7,0,1.0,False,,,0,20.0,1,-1,9500000000000000576,ef4ec9ea6331fab24aba8fad3a77fba7075439c812616def0b7ede870dec372d,1.0,not_detected,2770.254053567536,322,980,low,not_detected,1.002796114104585,True,True,not_detected,1.002796114104585,unmatched,unmatched,False,not_detected,339.9318542907289,unmatched,unmatched,True,unmatched,unmatched,False,True,False,False,True,False,
9201419762471320000,TIC 141976247,arm_B,True,1.0,141976247,330.12379642365886,0.86,0.003029166666666667,True,B,ladder_g3r2,1,576,2.1,0.8,0,1.0,False,,,0,20.0,1,-1,9500000000000000576,e915030d5e8dde41f3f2e4ffd114c41adf718109fde158d1e129d7979bd2d4a3,1.0,not_detected,2770.254053567536,322,980,low,not_detected,1.002796114104585,True,True,not_detected,1.002796114104585,unmatched,unmatched,False,not_detected,339.9318542907289,unmatched,unmatched,True,unmatched,unmatched,False,True,False,False,True,False,
9201419762471330000,TIC 141976247,arm_B,True,1.0,141976247,330.12379642365886,0.86,0.003029166666666667,True,B,ladder_g3r3,1,576,2.1,0.9,0,1.0,False,,,0,20.0,1,-1,9500000000000000576,638c2e1716fe18ace622baaeff9d1181c84e52cbc53b6bc82f8747abb801e969,1.0,not_detected,2770.254053567536,322,980,low,not_detected,1.002796114104585,True,True,not_detected,1.002796114104585,unmatched,unmatched,False,not_detected,339.9318542907289,unmatched,unmatched,True,unmatched,unmatched,False,True,False,False,True,False,
9201419762471221000,TIC 141976247,arm_B,True,1.0,141976247,330.12379642365886,0.86,0.003029166666666667,True,B,phase_1,1,576,1.7,0.8,1,1.0,False,,,0,20.0,1,-1,9500000000000000576,3d5d1f19abd18d6144a8156ec104299e60e2f3ae0f55b7f7fa48d270bcf87490,1.0,not_detected,2770.254053567536,322,980,low,not_detected,1.002796114104585,True,True,not_detected,1.002796114104585,unmatched,unmatched,False,not_detected,339.9318542907289,unmatched,unmatched,True,unmatched,unmatched,False,True,False,False,True,False,
9201419762471222000,TIC 141976247,arm_B,True,1.0,141976247,330.12379642365886,0.86,0.003029166666666667,True,B,phase_2,1,576,1.7,0.8,2,1.0,False,,,0,20.0,1,-1,9500000000000000576,6a9ed1ec5d03087f8fcc8a15621974a6248473ec74a28c588165dcfad5c4c967,1.0,not_detected,2770.254053567536,322,980,low,not_detected,1.002796114104585,True,True,not_detected,1.002796114104585,unmatched,unmatched,False,not_detected,339.9318542907289,unmatched,unmatched,True,unmatched,unmatched,False,True,False,False,True,False,
9201419762471220100,TIC 141976247,arm_B,True,1.0,141976247,330.12379642365886,0.86,0.003029166666666667,True,B,ampscale_0.7,1,576,1.7,0.8,0,0.7,False,,,0,20.0,1,-1,9500000000000000576,9b15018d1de0439ae1f0a2040f7ddf5ff0c7e9cf187c0cb5aacbcb07a4a00a5b,1.0,not_detected,2770.254053567536,322,980,low,not_detected,1.002796114104585,True,True,not_detected,1.002796114104585,unmatched,unmatched,False,not_detected,339.9318542907289,unmatched,unmatched,True,unmatched,unmatched,False,True,False,False,True,False,
9201419762471220200,TIC 141976247,arm_B,True,1.0,141976247,330.12379642365886,0.86,0.003029166666666667,True,B,ampscale_1.3,1,576,1.7,0.8,0,1.3,False,,,0,20.0,1,-1,9500000000000000576,b26770af9bd3db8c20c3082840958853dab32515ab10e14d0431f3d0be8e4fcb,1.0,not_detected,2770.254053567536,322,980,low,not_detected,1.002796114104585,True,True,not_detected,1.002796114104585,unmatched,unmatched,False,not_detected,339.9318542907289,unmatched,unmatched,True,unmatched,unmatched,False,True,False,False,True,False,
9201419762471220001,TIC 141976247,arm_B,True,1.0,141976247,330.12379642365886,0.86,0.003029166666666667,True,B,cadence_alt,1,576,1.7,0.8,0,1.0,False,,,1,120.0,1,-1,9500000000000000576,32b7517b199493bc78dfbf13715cbde6ce66e684c6df96ce4bad4126c6cc8e62,1.0,not_detected,2770.254053567536,322,980,low,not_detected,1.002796114104585,True,True,not_detected,1.002796114104585,unmatched,unmatched,False,not_detected,339.9318903885012,unmatched,unmatched,True,unmatched,unmatched,False,True,False,False,True,False,
9202018609260220000,TIC 201860926,arm_B,True,1.0,201860926,166.0197532762,7.53,0.006023379629629629,True,B,nominal,0,156,1.7,0.8,0,1.0,False,,,0,120.0,3,-1,9500000000000000156,4dde2442b285f1c59356fb1770562a591239577b296f812c96216468e709223e,1.0,confirmed,2691.788967879489,597,1231,high,confirmed,166.0218317861518,True,True,candidate,1.7947172150741508,unmatched,unmatched,False,confirmed,166.0218317861518,unmatched,unmatched,True,unmatched,unmatched,True,True,False,False,True,False,
9302018609260220000,TIC 201860926,arm_A,True,1.0,201860926,166.0197532762,7.53,0.006023379629629629,True,A,nominal,0,156,1.7,0.8,0,1.0,False,,,0,120.0,3,-1,,1d0f4b8eae5c97598e4ed6ad61e8cffb31ff2ddb3554d297da0c507a1406a264,1.0,confirmed,2691.788967879489,597,1231,high,confirmed,166.01986283536732,True,True,not_detected,32.850532138728504,unmatched,unmatched,False,confirmed,166.01986283536732,direct,direct,True,direct,direct,True,True,False,False,True,False,
9202018609261220000,TIC 201860926,arm_B,True,1.0,201860926,166.0197532762,7.53,0.006023379629629629,True,B,nominal,1,567,1.7,0.8,0,1.0,False,,,0,120.0,3,-1,9500000000000000567,7af410fa1b68a08d8ea7a43f5bb3b381515c738b0db20dc12282ab68be548743,1.0,not_detected,2765.320685334038,278,480,high,not_detected,554.3728452828013,True,True,not_detected,24.238924749482816,unmatched,unmatched,False,not_detected,554.3728452828013,unmatched,unmatched,True,unmatched,unmatched,False,True,False,False,True,False,
9302018609261220000,TIC 201860926,arm_A,True,1.0,201860926,166.0197532762,7.53,0.006023379629629629,True,A,nominal,1,567,1.7,0.8,0,1.0,False,,,0,120.0,3,-1,,e0ee9fd05a9a27144a7868dd5fd8860ca89b82d58be8052727bd22b78b8c1f4c,1.0,not_detected,2765.320685334038,278,480,low,not_detected,13.502556935992265,True,True,not_detected,13.502556935992265,unmatched,unmatched,False,not_detected,647.7794079899395,unmatched,unmatched,True,unmatched,unmatched,False,True,False,False,True,False,
9202018609262220000,TIC 201860926,arm_B,True,1.0,201860926,166.0197532762,7.53,0.006023379629629629,True,B,nominal,2,922,1.7,0.8,0,1.0,False,,,0,120.0,3,-1,9500000000000000922,1d19022ad669c1a15b85f493a1e4df228d4e20d2d6a1a4bfb034556422ac0c2c,1.0,candidate,2744.341285896022,421,838,low,candidate,2.0019011586622883,True,True,candidate,2.0019011586622883,unmatched,unmatched,False,not_detected,98.67515102921664,unmatched,unmatched,True,unmatched,unmatched,True,True,False,False,True,False,
9302018609262220000,TIC 201860926,arm_A,True,1.0,201860926,166.0197532762,7.53,0.006023379629629629,True,A,nominal,2,922,1.7,0.8,0,1.0,False,,,0,120.0,3,-1,,4b3fe044c912d3ce2859d0c2ac716219683dd88641b5475b0e0e595910c19d02,1.0,candidate,2744.341285896022,421,838,high,candidate,98.09931157072012,True,True,not_detected,19.260687536077356,unmatched,unmatched,False,candidate,98.09931157072012,direct,unmatched,True,direct,unmatched,True,True,False,False,True,False,
9202018609261220300,TIC 201860926,arm_B,True,1.0,201860926,98.09932556713672,7.31,0.010193750000000001,True,B,dropout,1,567,1.7,0.8,0,1.0,True,520.42,,0,120.0,1,-1,9500000000000000567,1eade7a4f5d5e687a6045682de8a2bfb85ea51e8e0fc6032d367f7a842b96611,1.0,not_detected,2765.320685334038,278,480,low,not_detected,46.66840293946268,True,True,not_detected,46.66840293946268,unmatched,unmatched,False,not_detected,1114.4440906229831,unmatched,unmatched,True,unmatched,unmatched,False,True,False,False,True,False,
9202295813360220000,TIC 229581336,arm_B,True,1.0,229581336,78.08687164470473,3.33,0.012806250000000002,True,B,nominal,0,223,1.7,0.8,0,1.0,False,,,0,120.0,3,-1,9500000000000000223,8223221ab8a361ea19e2b8fd39e401d4dc02d85360b62863348c829f82d21540,1.0,not_detected,2761.818617777899,1011,1019,low,not_detected,0.0029328500966211493,True,True,not_detected,0.0029328500966211493,unmatched,unmatched,False,not_detected,242.5563874884928,unmatched,unmatched,True,unmatched,unmatched,False,True,False,False,True,False,
9302295813360220000,TIC 229581336,arm_A,True,1.0,229581336,78.08687164470473,3.33,0.012806250000000002,True,A,nominal,0,223,1.7,0.8,0,1.0,False,,,0,120.0,3,-1,,c9d49a76c79bedced6dd3da6c1239f37a013bccb6555406ab9b4cad8d269d470,1.0,not_detected,2761.818617777899,1011,1019,low,not_detected,29.086848601460265,True,True,not_detected,29.086848601460265,unmatched,unmatched,False,not_detected,306.1332635620107,unmatched,unmatched,True,unmatched,unmatched,True,True,False,False,True,False,
9202295813361220000,TIC 229581336,arm_B,True,1.0,229581336,78.08687164470473,3.33,0.012806250000000002,True,B,nominal,1,598,1.7,0.8,0,1.0,False,,,0,120.0,3,-1,9500000000000000598,1779962b31d12b974cbcb418b9f8e768f7e50a4fa788642c53206a4b9e3de4ac,1.0,confirmed,2766.246338455938,358,529,low,confirmed,1.0009954505879615,True,True,confirmed,1.0009954505879615,unmatched,unmatched,False,not_detected,947.261122661105,unmatched,unmatched,True,unmatched,unmatched,False,True,True,True,True,False,
9302295813361220000,TIC 229581336,arm_A,True,1.0,229581336,78.08687164470473,3.33,0.012806250000000002,True,A,nominal,1,598,1.7,0.8,0,1.0,False,,,0,120.0,3,-1,,831935f00ccf1e854cbc2f99035843ae7fc00b2ab7bb90c58ad526a2095a5aa3,1.0,confirmed,2766.246338455938,358,529,low,not_detected,46.34204055433291,True,True,not_detected,46.34204055433291,unmatched,unmatched,False,not_detected,1053.0831877210794,unmatched,unmatched,True,unmatched,unmatched,False,True,False,False,True,False,
9202295813362220000,TIC 229581336,arm_B,True,1.0,229581336,78.08687164470473,3.33,0.012806250000000002,True,B,nominal,2,900,1.7,0.8,0,1.0,False,,,0,120.0,3,-1,9500000000000000900,361a83edf6eaa7c0f02331c65ddfbb7b9ee47a54d276b2dc854f32b2639db174,1.0,confirmed,2764.2313500572927,399,936,low,candidate,0.040264357756340886,True,True,candidate,0.040264357756340886,unmatched,unmatched,False,not_detected,476.71185422814295,unmatched,unmatched,True,unmatched,unmatched,False,True,True,True,True,False,
9302295813362220000,TIC 229581336,arm_A,True,1.0,229581336,78.08687164470473,3.33,0.012806250000000002,True,A,nominal,2,900,1.7,0.8,0,1.0,False,,,0,120.0,3,-1,,2479b414a3a7afed9d87121886808e4889a1243d22f79ef41bcbfea6d9a4d12c,1.0,confirmed,2764.2313500572927,399,936,high,not_detected,166.4190851434488,True,True,not_detected,22.626253768051534,unmatched,unmatched,False,not_detected,166.4190851434488,unmatched,unmatched,True,unmatched,unmatched,False,True,False,False,True,False,
9206311612220220000,TIC 631161222,arm_B,True,1.0,631161222,127.09246565267276,26.27,0.007868287037037038,True,B,nominal,0,118,1.7,0.8,0,1.0,False,,,0,20.0,3,-1,9500000000000000118,369092ddc90c136a48f5d1d5cecc779102b6642707aebdae1b0309d4cd5ccb13,1.0,not_detected,2701.894663626328,820,756,high,confirmed,127.09243500490616,True,True,not_detected,13.247555680782913,unmatched,unmatched,False,confirmed,127.09243500490616,direct,direct,True,direct,direct,True,True,True,True,True,False,
9306311612220220000,TIC 631161222,arm_A,True,1.0,631161222,127.09246565267276,26.27,0.007868287037037038,True,A,nominal,0,118,1.7,0.8,0,1.0,False,,,0,20.0,3,-1,,817486cbc6a9bae1aaec02cb8a9d1bbeb43f5084c2b25b758c101f9dec860a95,1.0,not_detected,2701.894663626328,820,756,high,confirmed,127.09247201597152,True,True,not_detected,16.664269190853613,unmatched,unmatched,False,confirmed,127.09247201597152,direct,direct,True,direct,direct,True,True,True,True,True,False,
9206311612221220000,TIC 631161222,arm_B,True,1.0,631161222,127.09246565267276,26.27,0.007868287037037038,True,B,nominal,1,483,1.7,0.8,0,1.0,False,,,0,20.0,3,-1,9500000000000000483,7e4760dbed0255c33483fc33c8f7bc0e757d6779aa2352b49b77f67df7c1f156,1.0,not_detected,2747.3239877959713,398,1548,high,confirmed,127.09246425181135,True,True,not_detected,41.90656089759667,unmatched,unmatched,False,confirmed,127.09246425181135,direct,direct,True,direct,direct,True,True,False,False,True,False,
9306311612221220000,TIC 631161222,arm_A,True,1.0,631161222,127.09246565267276,26.27,0.007868287037037038,True,A,nominal,1,483,1.7,0.8,0,1.0,False,,,0,20.0,3,-1,,c6c63ebe64f14a575dc43ceebdc19448a30f2b4246fa1785dd338e6a1f44c593,1.0,not_detected,2747.3239877959713,398,1548,high,confirmed,127.09246425181135,True,True,not_detected,22.236183381126878,unmatched,unmatched,False,confirmed,127.09246425181135,direct,direct,True,direct,direct,True,True,True,False,True,False,
9206311612222220000,TIC 631161222,arm_B,True,1.0,631161222,127.09246565267276,26.27,0.007868287037037038,True,B,nominal,2,904,1.7,0.8,0,1.0,False,,,0,20.0,3,-1,9500000000000000904,8b5e1d3417d77b8bfa414ad7658e6de1740455876cbde21e058dc6bd8603f520,1.0,not_detected,2764.1692324825563,207,980,high,candidate,127.0924578174496,True,True,not_detected,1.005401538857313,unmatched,unmatched,False,candidate,127.0924578174496,direct,direct,True,direct,direct,True,True,True,True,True,False,
9306311612222220000,TIC 631161222,arm_A,True,1.0,631161222,127.09246565267276,26.27,0.007868287037037038,True,A,nominal,2,904,1.7,0.8,0,1.0,False,,,0,20.0,3,-1,,c6b7b80fddaee814c0374858a378f51ac692ba4a1336c909ef9f79f9baa54338,1.0,not_detected,2764.1692324825563,207,980,high,confirmed,126.09031222974544,True,True,not_detected,9.828595037070128,unmatched,unmatched,False,confirmed,126.09031222974544,unmatched,unmatched,True,unmatched,unmatched,True,True,True,True,True,False,
9206311612221220010,TIC 631161222,arm_B,True,1.0,631161222,127.09246565267276,26.27,0.007868287037037038,True,B,redilution,1,483,1.7,0.8,0,1.0,False,,0.35582362,0,20.0,1,-1,9500000000000000483,2799c4b2ba9f8b37a4fcd632cb8f8d41645b439505b6d844efbaf1221bcf7c3c,1.0,not_detected,2747.3239877959713,398,1548,high,candidate,127.09246425181135,True,True,not_detected,20.928911280728823,unmatched,unmatched,False,candidate,127.09246425181135,direct,direct,True,direct,direct,True,True,False,False,True,False,
9206311612221220001,TIC 631161222,arm_B,True,1.0,631161222,127.09246565267276,26.27,0.007868287037037038,True,B,cadence_alt,1,483,1.7,0.8,0,1.0,False,,,1,120.0,1,-1,9500000000000000483,4893e76fdccda5626431a594746e925296448cb393c54af629b9404ec89c19f7,1.0,not_detected,2747.3239877959713,398,1548,high,confirmed,127.09246425181135,True,True,not_detected,41.90656089759667,unmatched,unmatched,False,confirmed,127.09246425181135,direct,direct,True,direct,direct,True,True,True,True,True,False,
9206838374510220000,TIC 683837451,arm_B,True,1.0,683837451,83.37514957347435,6.11,0.011993981481481482,True,B,nominal,0,93,1.7,0.8,0,1.0,False,,,0,120.0,3,-1,9500000000000000093,44f5cb051e6fb1045573e13c167e5d31aaa8536e784feaaaf4d817e5ab52e788,1.0,confirmed,2654.8669072058983,606,595,low,confirmed,2.3310773068143242,True,True,confirmed,2.3310773068143242,unmatched,unmatched,False,not_detected,35.14187679981726,unmatched,unmatched,True,unmatched,unmatched,False,True,False,False,True,False,
9306838374510220000,TIC 683837451,arm_A,True,1.0,683837451,83.37514957347435,6.11,0.011993981481481482,True,A,nominal,0,93,1.7,0.8,0,1.0,False,,,0,120.0,3,-1,,e2aa7aaed00d5e3983057362a8ff60dde8da2c2b60163385872569ecf3e97fb7,1.0,confirmed,2654.8669072058983,606,595,high,not_detected,406.2680139804431,True,True,not_detected,15.96437843455064,unmatched,unmatched,False,not_detected,406.2680139804431,unmatched,unmatched,True,unmatched,unmatched,False,True,False,False,True,False,
9206838374511220000,TIC 683837451,arm_B,True,1.0,683837451,83.37514957347435,6.11,0.011993981481481482,True,B,nominal,1,525,1.7,0.8,0,1.0,False,,,0,120.0,3,-1,9500000000000000525,ddb8e9fb5e39f4215e91c30e9368fecea69fc90fecf6411afc6ae18b6b6f7030,1.0,not_detected,2638.904602059163,215,278,low,not_detected,3.5644335125492033,True,True,not_detected,3.5644335125492033,unmatched,unmatched,False,not_detected,120.88618519991043,unmatched,unmatched,True,unmatched,unmatched,False,True,True,True,True,False,
9306838374511220000,TIC 683837451,arm_A,True,1.0,683837451,83.37514957347435,6.11,0.011993981481481482,True,A,nominal,1,525,1.7,0.8,0,1.0,False,,,0,120.0,3,-1,,5dd7a02291e61cc91d0c981fb2a63a274440f6a8afe0a0382954bcce946f0341,1.0,not_detected,2638.904602059163,215,278,low,not_detected,22.708475309505143,True,True,not_detected,22.708475309505143,unmatched,unmatched,False,not_detected,484.3080380594853,unmatched,unmatched,True,unmatched,unmatched,False,True,False,False,True,False,
9206838374512220000,TIC 683837451,arm_B,True,1.0,683837451,83.37514957347435,6.11,0.011993981481481482,True,B,nominal,2,14,1.7,0.8,0,1.0,False,,,0,120.0,3,-1,9500000000000000014,fb28df6d2fb6ce1d998aa112d0ffa410e41e23fd9740579095bfa67b0da51ed3,2.0,confirmed,2766.230313989334,1511,1880,low,confirmed,1.1204779241718448,True,True,confirmed,1.1204779241718448,unmatched,unmatched,False,not_detected,83.37517175246793,direct,direct,True,unmatched,unmatched,True,True,False,False,True,False,
9306838374512220000,TIC 683837451,arm_A,True,1.0,683837451,83.37514957347435,6.11,0.011993981481481482,True,A,nominal,2,14,1.7,0.8,0,1.0,False,,,0,120.0,3,-1,,86339f673f14bd0cf05420d9686d74edcb53cff79b6f9003783ce7e1e46ace7f,2.0,confirmed,2766.230313989334,1511,1880,high,confirmed,83.37517175246793,True,True,not_detected,13.63436725035666,unmatched,unmatched,False,confirmed,83.37517175246793,direct,direct,True,direct,direct,True,True,False,False,True,False,
9207124068090220000,TIC 712406809,arm_B,True,1.0,712406809,104.32010818381588,14.61,0.009585879629629632,True,B,nominal,0,174,1.7,0.8,0,1.0,False,,,0,20.0,3,-1,9500000000000000174,33a976483067bfe9bfcac76b8d949efc9733a77fbdf35d6746a029b8efc23892,1.0,not_detected,2726.827549363952,1019,1269,high,confirmed,104.32007746551021,True,True,not_detected,44.16256540612167,unmatched,unmatched,False,confirmed,104.32007746551021,direct,direct,True,direct,direct,True,True,True,True,True,False,
9307124068090220000,TIC 712406809,arm_A,True,1.0,712406809,104.32010818381588,14.61,0.009585879629629632,True,A,nominal,0,174,1.7,0.8,0,1.0,False,,,0,20.0,3,-1,,fcec7e0b7bc38bf6c0a12253bcff2c7ad833e2f0df7f529641dde86d40ef7d4a,1.0,not_detected,2726.827549363952,1019,1269,high,confirmed,104.32015081081585,True,True,not_detected,42.09111061195343,unmatched,unmatched,False,confirmed,104.32015081081585,direct,direct,True,direct,direct,True,True,False,False,True,False,
9207124068091220000,TIC 712406809,arm_B,True,1.0,712406809,104.32010818381588,14.61,0.009585879629629632,True,B,nominal,1,620,1.7,0.8,0,1.0,False,,,0,20.0,3,-1,9500000000000000620,63126916ae145e5aacc7f1d64d02e776cdd89d6db031dc005b9e8d79db9e9965,1.0,confirmed,2726.6654747114517,298,776,high,candidate,151.56386994514185,True,True,not_detected,2.4490719752508974,unmatched,unmatched,False,candidate,151.56386994514185,unmatched,unmatched,True,unmatched,unmatched,False,True,True,True,True,False,
9307124068091220000,TIC 712406809,arm_A,True,1.0,712406809,104.32010818381588,14.61,0.009585879629629632,True,A,nominal,1,620,1.7,0.8,0,1.0,False,,,0,20.0,3,-1,,339894a660f98ee46f15dfd5974709f4ac027025611ee9b27930382b73bd6f03,1.0,confirmed,2726.6654747114517,298,776,high,candidate,104.32015736113587,True,True,not_detected,30.48841186093699,unmatched,unmatched,False,candidate,104.32015736113587,direct,direct,True,direct,direct,True,True,False,False,True,False,
9207124068092220000,TIC 712406809,arm_B,True,1.0,712406809,104.32010818381588,14.61,0.009585879629629632,True,B,nominal,2,920,1.7,0.8,0,1.0,False,,,0,20.0,3,-1,9500000000000000920,17c931048f44fb396d647e9730670a7bd48ff7eb0cce53d28ba09aa9d7f0f1b8,1.0,confirmed,2762.240471603349,654,1564,low,confirmed,1.2781291260824634,True,True,confirmed,1.2781291260824634,unmatched,unmatched,False,confirmed,169.31555240265104,direct,unmatched,True,unmatched,unmatched,True,True,True,True,True,False,
9307124068092220000,TIC 712406809,arm_A,True,1.0,712406809,104.32010818381588,14.61,0.009585879629629632,True,A,nominal,2,920,1.7,0.8,0,1.0,False,,,0,20.0,3,-1,,301a9596db8ca785788e94e6d7e58d201440b7fc3f8b8e492d9b820fe52b2f9b,1.0,confirmed,2762.240471603349,654,1564,high,confirmed,169.31551620015492,True,True,not_detected,15.236037713824137,unmatched,unmatched,False,confirmed,169.31551620015492,direct,unmatched,True,direct,unmatched,True,True,False,False,True,False,
9218604393620220000,TIC 1860439362,arm_B,True,1.0,1860439362,150.192956228488,88.17,0.006658101851851852,True,B,nominal,0,110,1.7,0.8,0,1.0,False,,,0,120.0,3,-1,9500000000000000110,2181f99625fe61af37597e9e73eee1cac4db20658c07f4546ccdaad8e07136c9,1.0,confirmed,2761.770760504063,1316,1465,high,confirmed,150.19295018403002,True,True,confirmed,3.466725094248065,unmatched,unmatched,False,confirmed,150.19295018403002,direct,direct,True,direct,direct,True,True,True,True,True,False,
9318604393620220000,TIC 1860439362,arm_A,True,1.0,1860439362,150.192956228488,88.17,0.006658101851851852,True,A,nominal,0,110,1.7,0.8,0,1.0,False,,,0,120.0,3,-1,,dde7c24ba7a6380d5357e132b7b39b244994d5d7a69773d5a4a0b3cf07687ce7,1.0,confirmed,2761.770760504063,1316,1465,high,confirmed,150.19295018403002,True,True,not_detected,0.3136393550063894,unmatched,unmatched,False,confirmed,150.19295018403002,direct,direct,True,direct,direct,True,True,True,True,True,False,
9218604393621220000,TIC 1860439362,arm_B,True,1.0,1860439362,150.192956228488,88.17,0.006658101851851852,True,B,nominal,1,515,1.7,0.8,0,1.0,False,,,0,120.0,3,-1,9500000000000000515,b57eae8db2c5174989ce25366ce4ec0c270c667a9511cd6a06d7ae27d617b067,1.0,not_detected,2625.876239606645,185,222,low,not_detected,36.430620208639446,True,True,not_detected,36.430620208639446,unmatched,unmatched,False,not_detected,1308.9259036310987,unmatched,unmatched,True,unmatched,unmatched,False,True,True,True,True,False,
9318604393621220000,TIC 1860439362,arm_A,True,1.0,1860439362,150.192956228488,88.17,0.006658101851851852,True,A,nominal,1,515,1.7,0.8,0,1.0,False,,,0,120.0,3,-1,,255983ddd153389383171db571de0f4ecd47279e4e127429f2fd99d4cdef6a15,1.0,not_detected,2625.876239606645,185,222,low,not_detected,36.430582126113514,True,True,not_detected,36.430582126113514,unmatched,unmatched,False,not_detected,1339.3231854207222,unmatched,unmatched,True,unmatched,unmatched,False,True,True,True,True,False,
9218604393622220000,TIC 1860439362,arm_B,True,1.0,1860439362,150.192956228488,88.17,0.006658101851851852,True,B,nominal,2,905,1.7,0.8,0,1.0,False,,,0,120.0,3,-1,9500000000000000905,81f9626a63575b136b88c4e46bcd396c6afa21a99870345c4b4a05e14fb75701,1.0,candidate,2744.289741137065,322,844,high,confirmed,150.19294340855947,True,True,not_detected,35.68300334039295,unmatched,unmatched,False,confirmed,150.19294340855947,direct,direct,True,direct,direct,True,True,True,True,True,False,
9318604393622220000,TIC 1860439362,arm_A,True,1.0,1860439362,150.192956228488,88.17,0.006658101851851852,True,A,nominal,2,905,1.7,0.8,0,1.0,False,,,0,120.0,3,-1,,030b5490025bceaab2c9a174ce663ecab9ba3d26cfee5734cb1a3966a345ac1c,1.0,candidate,2744.289741137065,322,844,high,confirmed,150.19294340855947,True,True,not_detected,36.6828977607478,unmatched,unmatched,False,confirmed,150.19294340855947,direct,direct,True,direct,direct,True,True,True,True,True,False,
9218604393621220010,TIC 1860439362,arm_B,True,1.0,1860439362,150.192956228488,88.17,0.006658101851851852,True,B,redilution,1,515,1.7,0.8,0,1.0,False,,0.030951115,0,120.0,1,-1,9500000000000000515,2fb4c7760875a1c5133653015df3f320c60bdbf342b41468c0d26f8315e5ef4a,1.0,not_detected,2625.876239606645,185,222,low,not_detected,39.28437237219249,True,True,not_detected,39.28437237219249,unmatched,unmatched,False,not_detected,1266.7971093142075,unmatched,unmatched,True,unmatched,unmatched,False,True,False,False,True,False,
9219892588830220000,TIC 1989258883,arm_B,True,1.0,1989258883,95.04532253806214,10.78,0.010521296296296296,True,B,nominal,0,119,1.7,0.8,0,1.0,False,,,0,120.0,3,-1,9500000000000000119,fc279fab0a9e646f83e9ac5def90f9dc4c472d91a2cdda14b0c4f9da4f32b023,1.0,confirmed,2755.8805878409185,751,785,low,confirmed,0.9164040020974169,True,True,confirmed,0.9164040020974169,unmatched,unmatched,False,not_detected,605.3168419082738,unmatched,unmatched,True,unmatched,unmatched,True,True,False,False,True,False,
9319892588830220000,TIC 1989258883,arm_A,True,1.0,1989258883,95.04532253806214,10.78,0.010521296296296296,True,A,nominal,0,119,1.7,0.8,0,1.0,False,,,0,120.0,3,-1,,8dab4a5e65cc2f4cd0d1a94a469ae114271e8b38acfa20d32df9863d308debbf,1.0,confirmed,2755.8805878409185,751,785,high,confirmed,95.04531337963108,True,True,candidate,46.0425972590524,unmatched,unmatched,False,confirmed,95.04531337963108,direct,direct,True,direct,direct,True,True,False,False,True,False,
9219892588831220000,TIC 1989258883,arm_B,True,1.0,1989258883,95.04532253806214,10.78,0.010521296296296296,True,B,nominal,1,531,1.7,0.8,0,1.0,False,,,0,120.0,3,-1,9500000000000000531,e989eb85126243293d2fdc2183f7626cd44ac1df17d22e53b27d477a20fa0ce0,1.0,not_detected,2745.310344768688,456,528,low,not_detected,45.35257743710232,True,True,not_detected,45.35257743710232,unmatched,unmatched,False,not_detected,627.5557703548484,unmatched,unmatched,True,unmatched,unmatched,False,True,False,False,True,False,
9319892588831220000,TIC 1989258883,arm_A,True,1.0,1989258883,95.04532253806214,10.78,0.010521296296296296,True,A,nominal,1,531,1.7,0.8,0,1.0,False,,,0,120.0,3,-1,,a7ef3f012e395dd0b29390b98558517e05ead8902d660178d5a236a53eb74828,1.0,not_detected,2745.310344768688,456,528,low,not_detected,12.531625091333241,True,True,not_detected,12.531625091333241,unmatched,unmatched,False,not_detected,1187.3305524403625,unmatched,unmatched,True,unmatched,unmatched,True,True,False,False,True,False,
9219892588832220000,TIC 1989258883,arm_B,True,1.0,1989258883,95.04532253806214,10.78,0.010521296296296296,True,B,nominal,2,892,1.7,0.8,0,1.0,False,,,0,120.0,3,-1,9500000000000000892,26fa2417d09befcac2728538b8a0a27079d951c1ba6ab430ca394703f17ef4b3,1.0,not_detected,2634.9368712715805,800,815,high,confirmed,95.04534535192113,True,True,not_detected,1.002452859041477,unmatched,unmatched,False,confirmed,95.04534535192113,direct,direct,True,direct,direct,True,True,False,False,True,False,
9319892588832220000,TIC 1989258883,arm_A,True,1.0,1989258883,95.04532253806214,10.78,0.010521296296296296,True,A,nominal,2,892,1.7,0.8,0,1.0,False,,,0,120.0,3,-1,,a6afc70176b29c4aa2921df05741d38143821395e035902d33284c6772eb1b2b,1.0,not_detected,2634.9368712715805,800,815,low,confirmed,47.04526372207853,True,True,confirmed,47.04526372207853,unmatched,unmatched,False,confirmed,95.04526944877439,direct,direct,True,unmatched,unmatched,True,True,False,False,True,False,
9500000000000000014,1094376947131876352,arm_ctrl,False,1.0,9500000000000000014,,,,False,ctrl,control,-1,14,0.0,0.0,0,1.0,False,,,0,0.0,0,-1,,8db6027bd062bc00f1117cea60e9ce565838d5c137d916547f77b692d9e56631,2.0,confirmed,2766.230313989334,1511,1880,low,confirmed,1.1204779241718448,True,True,confirmed,1.1204779241718448,unscored,unmatched,False,not_detected,478.81411784024397,unscored,unmatched,False,unscored,unmatched,False,False,False,False,True,False,
9500000000000000093,1527701145426221824,arm_ctrl,False,1.0,9500000000000000093,,,,False,ctrl,control,-1,93,0.0,0.0,0,1.0,False,,,0,0.0,0,-1,,dc8f69836d15c84723d5810249560c80ebd605855ba38f0f3424ee8a32fd798e,1.0,confirmed,2654.8669072058983,606,595,low,confirmed,2.3310773068143242,True,True,confirmed,2.3310773068143242,unscored,unmatched,False,not_detected,35.14187679981726,unscored,unmatched,False,unscored,unmatched,False,False,False,False,True,False,
9500000000000000100,1561515526026874624,arm_ctrl,False,1.0,9500000000000000100,,,,False,ctrl,control,-1,100,0.0,0.0,0,1.0,False,,,0,0.0,0,-1,,2cf69635f358e6fcc48e7492512988c61f7f15e9e7380e87c413136d0b6b2cee,2.0,confirmed,2701.8030513930134,1958,1756,high,confirmed,413.0400151328802,True,True,not_detected,1.0027007699925516,unscored,unmatched,False,confirmed,413.0400151328802,unscored,unmatched,False,unscored,unmatched,False,False,True,False,True,False,
9500000000000000110,1622933901956297856,arm_ctrl,False,1.0,9500000000000000110,,,,False,ctrl,control,-1,110,0.0,0.0,0,1.0,False,,,0,0.0,0,-1,,f290c29c811a9fcd2d57ebf43375d9a691bc588c51c8e0fed3edec07337d9744,1.0,confirmed,2761.770760504063,1316,1465,low,confirmed,3.4666888855947513,True,True,confirmed,3.4666888855947513,unscored,unmatched,False,not_detected,1232.628191642805,unscored,unmatched,False,unscored,unmatched,False,False,False,False,True,False,
9500000000000000118,1674958389840474496,arm_ctrl,False,1.0,9500000000000000118,,,,False,ctrl,control,-1,118,0.0,0.0,0,1.0,False,,,0,0.0,0,-1,,5e3617ec56c4312c9ae83393cc1ad009078675ef12bd86bffa453b7b879364b0,1.0,not_detected,2701.894663626328,820,756,low,not_detected,19.29372032958333,True,True,not_detected,19.29372032958333,unscored,unmatched,False,not_detected,245.63813714198147,unscored,unmatched,False,unscored,unmatched,False,False,False,False,True,False,
9500000000000000119,1697669356564165632,arm_ctrl,False,1.0,9500000000000000119,,,,False,ctrl,control,-1,119,0.0,0.0,0,1.0,False,,,0,0.0,0,-1,,a33d7d43bf73888b66480041b6567771ea6b35ff53daec6d96becd36f1989709,1.0,confirmed,2755.8805878409185,751,785,low,confirmed,0.9164040020974169,True,True,confirmed,0.9164040020974169,unscored,unmatched,False,not_detected,421.8761288997093,unscored,unmatched,False,unscored,unmatched,False,False,False,False,True,False,
9500000000000000121,1709387775398437760,arm_ctrl,False,1.0,9500000000000000121,,,,False,ctrl,control,-1,121,0.0,0.0,0,1.0,False,,,0,0.0,0,-1,,0a67c7480bdabd0439076dc33a438f1d179d7e1e4e87c81795241c3582bab97a,1.0,confirmed,2771.858495029155,926,1364,low,confirmed,3.2318749373624764,True,True,confirmed,3.2318749373624764,unscored,unmatched,False,not_detected,1083.959592190184,unscored,unmatched,False,unscored,unmatched,False,False,False,False,True,False,
9500000000000000146,1809460380271929344,arm_ctrl,False,1.0,9500000000000000146,,,,False,ctrl,control,-1,146,0.0,0.0,0,1.0,False,,,0,0.0,0,-1,,c8913c69ee604c0bc225cf2645b5d50fe4795cd0c603689897922ebaebfb4ca1,1.0,confirmed,2518.0456168758683,93,369,low,confirmed,9.608364454500151,True,True,confirmed,9.608364454500151,unscored,unmatched,False,confirmed,1073.3471136072185,unscored,unmatched,False,unscored,unmatched,False,False,True,False,True,False,
9500000000000000156,1844311394160744960,arm_ctrl,False,1.0,9500000000000000156,,,,False,ctrl,control,-1,156,0.0,0.0,0,1.0,False,,,0,0.0,0,-1,,17e15f316925f557d524fd8adb7f52ea7a820bad31beef6dc79d84b798d36ca8,1.0,confirmed,2691.788967879489,597,1231,low,confirmed,3.5848278283128807,True,True,confirmed,3.5848278283128807,unscored,unmatched,False,not_detected,976.2594938113876,unscored,unmatched,False,unscored,unmatched,False,False,False,False,True,False,
9500000000000000174,1900545847646195840,arm_ctrl,False,1.0,9500000000000000174,,,,False,ctrl,control,-1,174,0.0,0.0,0,1.0,False,,,0,0.0,0,-1,,edc925b7c6ce38699927b1f7146bca73085ae644dbdbb91686745f99740bc98c,1.0,not_detected,2726.827549363952,1019,1269,low,not_detected,2.003206987282396,True,True,not_detected,2.003206987282396,unscored,unmatched,False,not_detected,757.1131007776033,unscored,unmatched,False,unscored,unmatched,False,False,False,False,True,False,
9400000000000000000,1004340654352214656,arm_gauss_null,False,1.0,9400000000000000000,,,,False,gauss_null,gauss_null,-1,0,0.0,0.0,0,0.0,False,,,0,0.0,0,0,,b847fa324666c162a51453bb4392e8a77dcec3d00d92291e7a575a7144ca03bb,2.0,confirmed,2764.3423449718393,1178,1732,high,not_detected,495.7398343848343,True,True,not_detected,11.347219730962644,unscored,unmatched,False,not_detected,495.7398343848343,unscored,unmatched,False,unscored,unmatched,False,False,False,False,True,False,
9400000000000000034,1196820816314793984,arm_gauss_null,False,1.0,9400000000000000034,,,,False,gauss_null,gauss_null,-1,34,0.0,0.0,0,0.0,False,,,0,0.0,0,34,,f3f91815380ec57b979af6b5eb1d45a4b2412ba3aba77a5064088ff482aa7d68,1.0,candidate,2744.7252437761053,721,1017,high,not_detected,1437.6828845796547,True,True,not_detected,22.70289171613822,unscored,unmatched,False,not_detected,1437.6828845796547,unscored,unmatched,False,unscored,unmatched,False,False,False,False,True,False,
9400000000000000069,1410345596469085184,arm_gauss_null,False,1.0,9400000000000000069,,,,False,gauss_null,gauss_null,-1,69,0.0,0.0,0,0.0,False,,,0,0.0,0,69,,0d1ce2550643e865d0f50b4634e61b7c095dcb7a75a73a1547e102cb26b3934a,2.0,not_detected,2770.7313832766376,1912,1964,low,not_detected,26.86510877570989,True,True,not_detected,26.86510877570989,unscored,unmatched,False,not_detected,306.51334818112394,unscored,unmatched,False,unscored,unmatched,False,False,False,False,True,False,
9400000000000000103,1599573471755615872,arm_gauss_null,False,1.0,9400000000000000103,,,,False,gauss_null,gauss_null,-1,103,0.0,0.0,0,0.0,False,,,0,0.0,0,103,,48c1d9c46ed489c949faa746462215535ee4a18639ba0fcb51efc38ab97f9eb8,1.0,not_detected,2749.8133865026757,1314,1417,low,not_detected,21.731365587685072,True,True,not_detected,21.731365587685072,unscored,unmatched,False,not_detected,361.00475986794686,unscored,unmatched,False,unscored,unmatched,False,False,False,False,True,False,
9400000000000000138,178949262640226176,arm_gauss_null,False,1.0,9400000000000000138,,,,False,gauss_null,gauss_null,-1,138,0.0,0.0,0,0.0,False,,,0,0.0,0,138,,602c3e3fa068a2b0b5c1e179d10e37edf581203234d9c27058b118f0123cc0fd,1.0,not_detected,2745.353425673209,472,880,low,not_detected,46.795869267177,True,True,not_detected,46.795869267177,unscored,unmatched,False,not_detected,327.0083457455071,unscored,unmatched,False,unscored,unmatched,False,False,False,False,True,False,
9400000000000000172,1897597369775277568,arm_gauss_null,False,1.0,9400000000000000172,,,,False,gauss_null,gauss_null,-1,172,0.0,0.0,0,0.0,False,,,0,0.0,0,172,,f1ad58343ce912a7fbc791f6fd12405eb3db5e3a4cc5d8379d7df7e3f8790726,1.0,not_detected,2721.6892940080725,728,1047,high,not_detected,290.90394145991206,True,True,not_detected,23.154810557818614,unscored,unmatched,False,not_detected,290.90394145991206,unscored,unmatched,False,unscored,unmatched,False,False,False,False,True,False,
9400000000000000207,2048212728863128064,arm_gauss_null,False,1.0,9400000000000000207,,,,False,gauss_null,gauss_null,-1,207,0.0,0.0,0,0.0,False,,,0,0.0,0,207,,c795f81406ceee18fd2a2b3355ed71cb00c80c65d630defac22509e697e89b08,1.0,confirmed,2770.620291593019,821,1466,high,not_detected,1162.2634457595505,True,True,not_detected,21.21918336424131,unscored,unmatched,False,not_detected,1162.2634457595505,unscored,unmatched,False,unscored,unmatched,False,False,False,False,True,False,
9400000000000000241,2186782465621398656,arm_gauss_null,False,1.0,9400000000000000241,,,,False,gauss_null,gauss_null,-1,241,0.0,0.0,0,0.0,False,,,0,0.0,0,241,,4f6ae723e45fc65e232e15f34cdc4d47ba02dbab1939c8171416c9f52ad9f3e5,1.0,not_detected,2761.7693991446868,792,973,high,not_detected,169.27599593371428,True,True,not_detected,2.9203741639319474,unscored,unmatched,False,not_detected,169.27599593371428,unscored,unmatched,False,unscored,unmatched,False,False,False,False,True,False,
9400000000000000276,2399970451616401280,arm_gauss_null,False,1.0,9400000000000000276,,,,False,gauss_null,gauss_null,-1,276,0.0,0.0,0,0.0,False,,,0,0.0,0,276,,4f670e02ae8f61a5e1f7e9349992409265f3fd6254449ff18e7dbcd4ed9afaa1,1.0,not_detected,2679.882528358139,301,360,low,not_detected,6.672046185156695,True,True,not_detected,6.672046185156695,unscored,unmatched,False,not_detected,545.0619067155571,unscored,unmatched,False,unscored,unmatched,False,False,False,False,True,False,
9400000000000000310,2611423167751076224,arm_gauss_null,False,1.0,9400000000000000310,,,,False,gauss_null,gauss_null,-1,310,0.0,0.0,0,0.0,False,,,0,0.0,0,310,,bf486e418e0f1adc9e6a47b4b6d462dac84772bd976a1fbd31734bbd52679cbe,2.0,not_detected,2134.0930398451164,46,52,high,not_detected,1013.6094783914735,True,True,not_detected,20.18562414838597,unscored,unmatched,False,not_detected,1013.6094783914735,unscored,unmatched,False,unscored,unmatched,False,False,False,False,True,False,
9400000000000000344,2811679247742881536,arm_gauss_null,False,1.0,9400000000000000344,,,,False,gauss_null,gauss_null,-1,344,0.0,0.0,0,0.0,False,,,0,0.0,0,344,,015940e84edad88a4d138110fa822ab04b9844bbe719b2a993378f0485e2aa54,2.0,not_detected,2504.991163690109,54,126,high,not_detected,1040.9556830880485,True,True,not_detected,43.47153058998632,unscored,unmatched,False,not_detected,1040.9556830880485,unscored,unmatched,False,unscored,unmatched,False,False,False,False,True,False,
9400000000000000379,3017065782133772544,arm_gauss_null,False,1.0,9400000000000000379,,,,False,gauss_null,gauss_null,-1,379,0.0,0.0,0,0.0,False,,,0,0.0,0,379,,009b7ad2a9a02d531e0333f6b264e998cb3945bf11cc9397eef3975a8a2acb08,1.0,not_detected,2747.32511948701,332,351,low,not_detected,22.39025136256388,True,True,not_detected,22.39025136256388,unscored,unmatched,False,not_detected,514.6711952066705,unscored,unmatched,False,unscored,unmatched,False,False,False,False,True,False,
9400000000000000413,3125897813875563904,arm_gauss_null,False,1.0,9400000000000000413,,,,False,gauss_null,gauss_null,-1,413,0.0,0.0,0,0.0,False,,,0,0.0,0,413,,6c673feb9e654b35f2beb9b13f1e1aab30f9044fe339ba855a5ce309a97bd1d7,1.0,confirmed,2747.351009017322,383,576,low,not_detected,45.11007133534373,True,True,not_detected,45.11007133534373,unscored,unmatched,False,not_detected,685.5523440705499,unscored,unmatched,False,unscored,unmatched,False,False,False,False,True,False,
9400000000000000448,3234830931961892224,arm_gauss_null,False,1.0,9400000000000000448,,,,False,gauss_null,gauss_null,-1,448,0.0,0.0,0,0.0,False,,,0,0.0,0,448,,432ef95ea518914ad8e68ccd2b0ad03a04775419bc2c9f879786deb0e26e4eb5,1.0,confirmed,2764.2476491495036,447,456,low,not_detected,18.835830435098607,True,True,not_detected,18.835830435098607,unscored,unmatched,False,not_detected,761.9706375539982,unscored,unmatched,False,unscored,unmatched,False,False,False,False,True,False,
9400000000000000482,3369166170266811520,arm_gauss_null,False,1.0,9400000000000000482,,,,False,gauss_null,gauss_null,-1,482,0.0,0.0,0,0.0,False,,,0,0.0,0,482,,295ed247b5a3a507473a8b9c0145df60e361f1905113683425e23594b448fe7c,1.0,confirmed,2763.228861804586,462,1591,low,not_detected,36.97004667694604,True,True,not_detected,36.97004667694604,unscored,unmatched,False,not_detected,350.97168609115914,unscored,unmatched,False,unscored,unmatched,False,False,False,False,True,False,
9400000000000000517,3563873702267790080,arm_gauss_null,False,1.0,9400000000000000517,,,,False,gauss_null,gauss_null,-1,517,0.0,0.0,0,0.0,False,,,0,0.0,0,517,,f21446a668c13e673e816a0576be4994f0f179185a5492d2b515557d427344c4,1.0,confirmed,2618.995268930681,214,215,low,not_detected,36.05718617374847,True,True,not_detected,36.05718617374847,unscored,unmatched,False,not_detected,564.1947138979142,unscored,unmatched,False,unscored,unmatched,False,False,False,False,True,False,
9400000000000000551,3742240056233781248,arm_gauss_null,False,1.0,9400000000000000551,,,,False,gauss_null,gauss_null,-1,551,0.0,0.0,0,0.0,False,,,0,0.0,0,551,,98f0f0371f225ef5aabe353b3e504a310452fc65d0cc57fbb7d77871d4a362b3,1.0,confirmed,2661.9047674429603,662,937,high,not_detected,656.3093600440259,True,True,not_detected,7.186883705977635,unscored,unmatched,False,not_detected,656.3093600440259,unscored,unmatched,False,unscored,unmatched,False,False,False,False,True,False,
9400000000000000586,3898180418851205888,arm_gauss_null,False,1.0,9400000000000000586,,,,False,gauss_null,gauss_null,-1,586,0.0,0.0,0,0.0,False,,,0,0.0,0,586,,6f1ad62ebc2974b405c5153e8b7e85cda2f93e10559bc2de1f0b09d897d4fd32,1.0,not_detected,2639.918481564615,218,280,low,not_detected,9.464383152161533,True,True,not_detected,9.464383152161533,unscored,unmatched,False,not_detected,576.8515786347313,unscored,unmatched,False,unscored,unmatched,False,False,False,False,True,False,
9400000000000000620,4128367507456250240,arm_gauss_null,False,1.0,9400000000000000620,,,,False,gauss_null,gauss_null,-1,620,0.0,0.0,0,0.0,False,,,0,0.0,0,620,,e43a331a778515a3a55c2b84f656c3d58488b23b7c9b87f62a349f6e0eec2174,1.0,confirmed,2726.6654747114517,298,776,low,not_detected,6.176481917636858,True,True,not_detected,6.176481917636858,unscored,unmatched,False,not_detected,1389.2348755374683,unscored,unmatched,False,unscored,unmatched,False,False,False,False,True,False,
9400000000000000655,4304510507179404544,arm_gauss_null,False,1.0,9400000000000000655,,,,False,gauss_null,gauss_null,-1,655,0.0,0.0,0,0.0,False,,,0,0.0,0,655,,11c6c7e2d191163d4b2f2ac2464b7c6fa854c9d94aa11d9feb648775fc74fc5d,1.0,not_detected,2762.7158221979626,491,1074,low,not_detected,14.719284434997576,True,True,not_detected,14.719284434997576,unscored,unmatched,False,not_detected,1279.8700290932004,unscored,unmatched,False,unscored,unmatched,False,False,False,False,True,False,
9400000000000000689,4503347770490390016,arm_gauss_null,False,1.0,9400000000000000689,,,,False,gauss_null,gauss_null,-1,689,0.0,0.0,0,0.0,False,,,0,0.0,0,689,,fdd8cd0dba27687d954f401ebed7cbee628697e69946ea5837e367c8b553c8c5,1.0,confirmed,2770.731883492321,931,1274,low,not_detected,8.883176371788487,True,True,not_detected,8.883176371788487,unscored,unmatched,False,not_detected,120.59938646342205,unscored,unmatched,False,unscored,unmatched,False,False,False,False,True,False,
9400000000000000723,5068764619981087488,arm_gauss_null,False,1.0,9400000000000000723,,,,False,gauss_null,gauss_null,-1,723,0.0,0.0,0,0.0,False,,,0,0.0,0,723,,30941991c02dcd8ffc335f968a0ab34302d37c8a6827b444d04912639c8b83e7,1.0,not_detected,2608.937730246689,347,285,high,not_detected,1398.525868680246,True,True,not_detected,3.37428521115665,unscored,unmatched,False,not_detected,1398.525868680246,unscored,unmatched,False,unscored,unmatched,False,False,False,False,True,False,
9400000000000000758,521232768574387072,arm_gauss_null,False,1.0,9400000000000000758,,,,False,gauss_null,gauss_null,-1,758,0.0,0.0,0,0.0,False,,,0,0.0,0,758,,6e57d38a43bab20b8ecd2217946c180dbfd9ac6770eba9345d55b12696f02b81,1.0,confirmed,2695.8600174211897,982,1174,high,not_detected,356.06846580125534,True,True,not_detected,8.314897604157704,unscored,unmatched,False,not_detected,356.06846580125534,unscored,unmatched,False,unscored,unmatched,False,False,False,False,True,False,
9400000000000000792,5725637639788446208,arm_gauss_null,False,1.0,9400000000000000792,,,,False,gauss_null,gauss_null,-1,792,0.0,0.0,0,0.0,False,,,0,0.0,0,792,,56b9f3c39e43b453574bf9397a6be1ab5b9614288b715f6b3bd4a22962cefc7c,1.0,not_detected,2764.2761121024378,216,488,low,not_detected,3.7875015285781326,True,True,not_detected,3.7875015285781326,unscored,unmatched,False,not_detected,954.0034785760695,unscored,unmatched,False,unscored,unmatched,False,False,False,False,True,False,
9400000000000000827,642198323440548480,arm_gauss_null,False,1.0,9400000000000000827,,,,False,gauss_null,gauss_null,-1,827,0.0,0.0,0,0.0,False,,,0,0.0,0,827,,1564358cb68dc0e6b77b8818a351fcdb58d5ece2e06e7bceb53a7c3ba3d7a292,1.0,confirmed,2755.241424502805,431,779,low,not_detected,18.77261990184169,True,True,not_detected,18.77261990184169,unscored,unmatched,False,not_detected,762.8548175473788,unscored,unmatched,False,unscored,unmatched,False,False,False,False,True,False,
9400000000000000861,6879683979147955968,arm_gauss_null,False,1.0,9400000000000000861,,,,False,gauss_null,gauss_null,-1,861,0.0,0.0,0,0.0,False,,,0,0.0,0,861,,196b0a36b25f09c7e4a4990c0ff475c4e51f028d55f49aa0e1536c8a60b6baea,1.0,not_detected,2722.730935427826,374,26,low,not_detected,26.624371529612567,True,True,not_detected,26.624371529612567,unscored,unmatched,False,not_detected,932.0623677607377,unscored,unmatched,False,unscored,unmatched,False,False,False,False,True,False,
9400000000000000896,839098384708377216,arm_gauss_null,False,1.0,9400000000000000896,,,,False,gauss_null,gauss_null,-1,896,0.0,0.0,0,0.0,False,,,0,0.0,0,896,,6a864c83b88e6491a8987d960ad7188ffa6b8e931f5ddc80ff065f23dbfa736d,1.0,not_detected,2135.087938485667,38,52,high,not_detected,1432.8657641584034,True,True,not_detected,47.59977243470445,unscored,unmatched,False,not_detected,1432.8657641584034,unscored,unmatched,False,unscored,unmatched,False,False,False,False,True,False,
9400000000000000930,1022716139350977792,arm_gauss_null,False,1.0,9400000000000000930,,,,False,gauss_null,gauss_null,-1,2,0.0,0.0,0,0.0,False,,,0,0.0,0,930,,374936e12ef4087406c942287488c44f8007e0a14d192278cf050d876b90f8e4,1.0,not_detected,2766.2066692896187,550,1204,high,not_detected,466.55164069660077,True,True,not_detected,23.84904957840403,unscored,unmatched,False,not_detected,466.55164069660077,unscored,unmatched,False,unscored,unmatched,False,False,False,False,True,False,
9400000000000000965,1212352655004983808,arm_gauss_null,False,1.0,9400000000000000965,,,,False,gauss_null,gauss_null,-1,37,0.0,0.0,0,0.0,False,,,0,0.0,0,965,,f1fe0754d0065b30eda73bf2936af13615f18fbe605539060a93ff81d8143b47,1.0,confirmed,1992.6929647047073,33,45,low,not_detected,41.506845994338455,True,True,not_detected,41.506845994338455,unscored,unmatched,False,not_detected,1144.5774494872562,unscored,unmatched,False,unscored,unmatched,False,False,False,False,True,False,
9400000000000000999,1415911839725510528,arm_gauss_null,False,1.0,9400000000000000999,,,,False,gauss_null,gauss_null,-1,71,0.0,0.0,0,0.0,False,,,0,0.0,0,999,,a7a1bf146f75be0601022051886f57d32c13e9bbe6a115fd29c5f53d21b9f4d9,2.0,confirmed,2770.7336812191643,1983,2084,low,not_detected,31.947711395001523,True,True,not_detected,31.947711395001523,unscored,unmatched,False,not_detected,455.94461745359393,unscored,unmatched,False,unscored,unmatched,False,False,False,False,True,False,
