b_sid,control_sid,cluster,template_k,b_status,control_status,b_usable,control_usable,pair_usable,D_B,D_C,R_B,R_C
9200011167460220000,9500000000000000610,1116746,0,not_detected,not_detected,True,True,True,False,False,False,False
9200011167461220000,9500000000000000451,1116746,1,not_detected,not_detected,True,True,True,False,False,False,False
9200011167462220000,9500000000000000098,1116746,2,confirmed,candidate,True,True,True,True,False,True,False
9200056241840220000,9500000000000000544,5624184,0,not_detected,not_detected,True,True,True,False,False,False,False
9200056241841220000,9500000000000000447,5624184,1,confirmed,confirmed,True,True,True,True,True,False,False
9200056241842220000,9500000000000000259,5624184,2,confirmed,candidate,True,True,True,True,False,True,False
9200076758590220000,9500000000000000128,7675859,0,confirmed,confirmed,True,True,True,True,True,False,False
9200076758591220000,9500000000000000778,7675859,1,confirmed,candidate,True,True,True,True,False,False,False
9200076758592220000,9500000000000000170,7675859,2,confirmed,confirmed,True,True,True,True,True,False,False
9200084456650220000,9500000000000000602,8445665,0,not_detected,not_detected,True,True,True,False,False,False,False
9200084456651220000,9500000000000000257,8445665,1,confirmed,not_detected,True,True,True,True,False,False,False
9200084456652220000,9500000000000000089,8445665,2,confirmed,confirmed,True,True,True,True,True,True,False
9200135666240220000,9500000000000000610,13566624,0,not_detected,not_detected,True,True,True,False,False,False,False
9200135666241220000,9500000000000000451,13566624,1,not_detected,not_detected,True,True,True,False,False,False,False
9200135666242220000,9500000000000000098,13566624,2,confirmed,candidate,True,True,True,True,False,False,False
9200144486100220000,9500000000000000540,14448610,0,not_detected,not_detected,True,True,True,False,False,False,False
9200144486101220000,9500000000000000079,14448610,1,confirmed,confirmed,True,True,True,True,True,False,False
9200144486102220000,9500000000000000234,14448610,2,not_detected,not_detected,True,True,True,False,False,False,False
9200211870720220000,9500000000000000806,21187072,0,not_detected,not_detected,True,True,True,False,False,False,False
9200211870721220000,9500000000000000718,21187072,1,confirmed,confirmed,True,True,True,True,True,False,False
9200211870722220000,9500000000000000098,21187072,2,not_detected,candidate,True,True,True,False,False,False,False
9200246033970220000,9500000000000000491,24603397,0,confirmed,confirmed,True,True,True,True,True,False,False
9200246033971220000,9500000000000000873,24603397,1,confirmed,confirmed,True,True,True,True,True,True,False
9200246033972220000,9500000000000000049,24603397,2,confirmed,confirmed,True,True,True,True,True,False,False
9200298623440220000,9500000000000000627,29862344,0,not_detected,not_detected,True,True,True,False,False,False,False
9200298623441220000,9500000000000000079,29862344,1,confirmed,confirmed,True,True,True,True,True,False,False
9200298623442220000,9500000000000000433,29862344,2,confirmed,confirmed,True,True,True,True,True,False,False
9200305453820220000,9500000000000000544,30545382,0,not_detected,not_detected,True,True,True,False,False,False,False
9200305453821220000,9500000000000000874,30545382,1,confirmed,confirmed,True,True,True,True,True,False,False
9200305453822220000,9500000000000000331,30545382,2,confirmed,confirmed,True,True,True,True,True,False,False
9200337175650220000,9500000000000000610,33717565,0,not_detected,not_detected,True,True,True,False,False,False,False
9200337175651220000,9500000000000000448,33717565,1,confirmed,confirmed,True,True,True,True,True,False,False
9200337175652220000,9500000000000000865,33717565,2,confirmed,not_detected,True,True,True,True,False,True,False
9200468476350220000,9500000000000000409,46847635,0,not_detected,not_detected,True,True,True,False,False,False,False
9200468476351220000,9500000000000000674,46847635,1,not_detected,not_detected,True,True,True,False,False,False,False
9200468476352220000,9500000000000000695,46847635,2,confirmed,confirmed,True,True,True,True,True,False,False
9200556504070220000,9500000000000000540,55650407,0,not_detected,not_detected,True,True,True,False,False,False,False
9200556504071220000,9500000000000000723,55650407,1,not_detected,not_detected,True,True,True,False,False,False,False
9200556504072220000,9500000000000000915,55650407,2,confirmed,confirmed,True,True,True,True,True,True,False
9200632814990220000,9500000000000000626,63281499,0,candidate,not_detected,True,True,True,False,False,False,False
9200632814991220000,9500000000000000306,63281499,1,not_detected,not_detected,True,True,True,False,False,False,False
9200632814992220000,9500000000000000387,63281499,2,confirmed,confirmed,True,True,True,True,True,False,False
9200651442900220000,9500000000000000329,65144290,0,not_detected,not_detected,True,True,True,False,False,False,False
9200651442901220000,9500000000000000376,65144290,1,confirmed,candidate,True,True,True,True,False,True,False
9200651442902220000,9500000000000000059,65144290,2,confirmed,confirmed,True,True,True,True,True,True,False
9200725171980220000,9500000000000000369,72517198,0,not_detected,not_detected,True,True,True,False,False,False,False
9200725171981220000,9500000000000000257,72517198,1,confirmed,not_detected,True,True,True,True,False,False,False
9200725171982220000,9500000000000000098,72517198,2,confirmed,candidate,True,True,True,True,False,True,False
9200726374740220000,9500000000000000806,72637474,0,not_detected,not_detected,True,True,True,False,False,False,False
9200726374741220000,9500000000000000662,72637474,1,confirmed,confirmed,True,True,True,True,True,False,False
9200726374742220000,9500000000000000259,72637474,2,not_detected,candidate,True,True,True,False,False,False,False
9200793538600220000,9500000000000000806,79353860,0,not_detected,not_detected,True,True,True,False,False,False,False
9200793538601220000,9500000000000000662,79353860,1,confirmed,confirmed,True,True,True,True,True,False,False
9200793538602220000,9500000000000000259,79353860,2,not_detected,candidate,True,True,True,False,False,False,False
9200818489740220000,9500000000000000542,81848974,0,not_detected,not_detected,True,True,True,False,False,False,False
9200818489741220000,9500000000000000451,81848974,1,not_detected,not_detected,True,True,True,False,False,False,False
9200818489742220000,9500000000000000089,81848974,2,confirmed,confirmed,True,True,True,True,True,False,False
9200880464870220000,9500000000000000602,88046487,0,not_detected,not_detected,True,True,True,False,False,False,False
9200880464871220000,9500000000000000322,88046487,1,confirmed,confirmed,True,True,True,True,True,False,False
9200880464872220000,9500000000000000601,88046487,2,confirmed,not_detected,True,True,True,True,False,True,False
9200947486320220000,9500000000000000833,94748632,0,not_detected,not_detected,True,True,True,False,False,False,False
9200947486321220000,9500000000000000451,94748632,1,not_detected,not_detected,True,True,True,False,False,False,False
9200947486322220000,9500000000000000256,94748632,2,confirmed,confirmed,True,True,True,True,True,False,False
9201037008610220000,9500000000000000409,103700861,0,not_detected,not_detected,True,True,True,False,False,False,False
9201037008611220000,9500000000000000458,103700861,1,not_detected,not_detected,True,True,True,False,False,False,False
9201037008612220000,9500000000000000695,103700861,2,confirmed,confirmed,True,True,True,True,True,False,False
9201140584470220000,9500000000000000833,114058447,0,not_detected,not_detected,True,True,True,False,False,False,False
9201140584471220000,9500000000000000658,114058447,1,confirmed,confirmed,True,True,True,True,True,False,False
9201140584472220000,9500000000000000042,114058447,2,confirmed,candidate,True,True,True,True,False,True,False
9201163733080220000,9500000000000000128,116373308,0,confirmed,confirmed,True,True,True,True,True,True,False
9201163733081220000,9500000000000000458,116373308,1,confirmed,not_detected,True,True,True,True,False,True,False
9201163733082220000,9500000000000000229,116373308,2,confirmed,confirmed,True,True,True,True,True,True,False
9201411794950220000,9500000000000000833,141179495,0,not_detected,not_detected,True,True,True,False,False,False,False
9201411794951220000,9500000000000000339,141179495,1,candidate,candidate,True,True,True,False,False,False,False
9201411794952220000,9500000000000000042,141179495,2,confirmed,candidate,True,True,True,True,False,True,False
9201419762470220000,9500000000000000496,141976247,0,not_detected,not_detected,True,True,True,False,False,False,False
9201419762471220000,9500000000000000306,141976247,1,not_detected,not_detected,True,True,True,False,False,False,False
9201419762472220000,9500000000000000387,141976247,2,confirmed,confirmed,True,True,True,True,True,False,False
9201498638490220000,9500000000000000642,149863849,0,candidate,candidate,True,True,True,False,False,False,False
9201498638491220000,9500000000000000791,149863849,1,confirmed,not_detected,True,True,True,True,False,False,False
9201498638492220000,9500000000000000010,149863849,2,not_detected,not_detected,True,True,True,False,False,False,False
9201560646570220000,9500000000000000558,156064657,0,confirmed,confirmed,True,True,True,True,True,False,False
9201560646571220000,9500000000000000458,156064657,1,not_detected,not_detected,True,True,True,False,False,False,False
9201560646572220000,9500000000000000098,156064657,2,confirmed,candidate,True,True,True,True,False,True,False
9201580681170220000,9500000000000000544,158068117,0,not_detected,not_detected,True,True,True,False,False,False,False
9201580681171220000,9500000000000000658,158068117,1,confirmed,confirmed,True,True,True,True,True,False,False
9201580681172220000,9500000000000000042,158068117,2,confirmed,candidate,True,True,True,True,False,True,False
9201599731520220000,9500000000000000610,159973152,0,not_detected,not_detected,True,True,True,False,False,False,False
9201599731521220000,9500000000000000448,159973152,1,confirmed,confirmed,True,True,True,True,True,False,False
9201599731522220000,9500000000000000865,159973152,2,confirmed,not_detected,True,True,True,True,False,False,False
9201674865430220000,9500000000000000128,167486543,0,confirmed,confirmed,True,True,True,True,True,False,False
9201674865431220000,9500000000000000219,167486543,1,not_detected,not_detected,True,True,True,False,False,False,False
9201674865432220000,9500000000000000170,167486543,2,confirmed,confirmed,True,True,True,True,True,False,False
9201880872040220000,9500000000000000359,188087204,0,confirmed,confirmed,True,True,True,True,True,False,False
9201880872041220000,9500000000000000797,188087204,1,not_detected,not_detected,True,True,True,False,False,False,False
9201880872042220000,9500000000000000356,188087204,2,confirmed,not_detected,True,True,True,True,False,True,False
9201929370350220000,9500000000000000128,192937035,0,confirmed,confirmed,True,True,True,True,True,False,False
9201929370351220000,9500000000000000219,192937035,1,not_detected,not_detected,True,True,True,False,False,False,False
9201929370352220000,9500000000000000170,192937035,2,confirmed,confirmed,True,True,True,True,True,False,False
9202018609260220000,9500000000000000409,201860926,0,not_detected,not_detected,True,True,True,False,False,False,False
9202018609261220000,9500000000000000474,201860926,1,confirmed,confirmed,True,True,True,True,True,False,False
9202018609262220000,9500000000000000601,201860926,2,confirmed,not_detected,True,True,True,True,False,True,False
9202072067510220000,9500000000000000329,207206751,0,not_detected,not_detected,True,True,True,False,False,False,False
9202072067511220000,9500000000000000723,207206751,1,not_detected,not_detected,True,True,True,False,False,False,False
9202072067512220000,9500000000000000049,207206751,2,confirmed,confirmed,True,True,True,True,True,False,False
9202205551220220000,9500000000000000544,220555122,0,not_detected,not_detected,True,True,True,False,False,False,False
9202205551221220000,9500000000000000447,220555122,1,confirmed,confirmed,True,True,True,True,True,False,False
9202205551222220000,9500000000000000259,220555122,2,not_detected,candidate,True,True,True,False,False,False,False
9202295813360220000,9500000000000000833,229581336,0,not_detected,not_detected,True,True,True,False,False,False,False
9202295813361220000,9500000000000000370,229581336,1,not_detected,not_detected,True,True,True,False,False,False,False
9202295813362220000,9500000000000000042,229581336,2,candidate,candidate,True,True,True,False,False,False,False
9202300291400220000,9500000000000000610,230029140,0,not_detected,not_detected,True,True,True,False,False,False,False
9202300291401220000,9500000000000000322,230029140,1,confirmed,confirmed,True,True,True,True,True,False,False
9202300291402220000,9500000000000000695,230029140,2,confirmed,confirmed,True,True,True,True,True,True,False
9202303843890220000,9500000000000000540,230384389,0,not_detected,not_detected,True,True,True,False,False,False,False
9202303843891220000,9500000000000000203,230384389,1,confirmed,confirmed,True,True,True,True,True,False,False
9202303843892220000,9500000000000000915,230384389,2,confirmed,confirmed,True,True,True,True,True,False,False
9202312777910220000,9500000000000000610,231277791,0,not_detected,not_detected,True,True,True,False,False,False,False
9202312777911220000,9500000000000000322,231277791,1,confirmed,confirmed,True,True,True,True,True,False,False
9202312777912220000,9500000000000000758,231277791,2,confirmed,confirmed,True,True,True,True,True,False,False
9202329791740220000,9500000000000000833,232979174,0,not_detected,not_detected,True,True,True,False,False,False,False
9202329791741220000,9500000000000000451,232979174,1,not_detected,not_detected,True,True,True,False,False,False,False
9202329791742220000,9500000000000000256,232979174,2,confirmed,confirmed,True,True,True,True,True,False,False
9202388156710220000,9500000000000000544,238815671,0,not_detected,not_detected,True,True,True,False,False,False,False
9202388156711220000,9500000000000000339,238815671,1,candidate,candidate,True,True,True,False,False,False,False
9202388156712220000,9500000000000000042,238815671,2,confirmed,candidate,True,True,True,True,False,True,False
9202641725240220000,9500000000000000542,264172524,0,not_detected,not_detected,True,True,True,False,False,False,False
9202641725241220000,9500000000000000332,264172524,1,not_detected,not_detected,True,True,True,False,False,False,False
9202641725242220000,9500000000000000089,264172524,2,confirmed,confirmed,True,True,True,True,True,False,False
9202732066730220000,9500000000000000544,273206673,0,not_detected,not_detected,True,True,True,False,False,False,False
9202732066731220000,9500000000000000658,273206673,1,candidate,confirmed,True,True,True,False,True,False,False
9202732066732220000,9500000000000000331,273206673,2,confirmed,confirmed,True,True,True,True,True,True,False
9202827837600220000,9500000000000000793,282783760,0,confirmed,confirmed,True,True,True,True,True,False,False
9202827837601220000,9500000000000000467,282783760,1,not_detected,not_detected,True,True,True,False,False,False,False
9202827837602220000,9500000000000000229,282783760,2,confirmed,confirmed,True,True,True,True,True,True,False
9202879268300220000,9500000000000000806,287926830,0,not_detected,not_detected,True,True,True,False,False,False,False
9202879268301220000,9500000000000000447,287926830,1,confirmed,confirmed,True,True,True,True,True,False,False
9202879268302220000,9500000000000000259,287926830,2,confirmed,candidate,True,True,True,True,False,True,False
9203040240580220000,9500000000000000833,304024058,0,not_detected,not_detected,True,True,True,False,False,False,False
9203040240581220000,9500000000000000339,304024058,1,candidate,candidate,True,True,True,False,False,False,False
9203040240582220000,9500000000000000042,304024058,2,confirmed,candidate,True,True,True,True,False,False,False
9203131099450220000,9500000000000000496,313109945,0,confirmed,not_detected,True,True,True,True,False,True,False
9203131099451220000,9500000000000000306,313109945,1,confirmed,not_detected,True,True,True,True,False,True,False
9203131099452220000,9500000000000000387,313109945,2,confirmed,confirmed,True,True,True,True,True,True,False
9203171531720220000,9500000000000000610,317153172,0,not_detected,not_detected,True,True,True,False,False,False,False
9203171531721220000,9500000000000000322,317153172,1,confirmed,confirmed,True,True,True,True,True,False,False
9203171531722220000,9500000000000000695,317153172,2,confirmed,confirmed,True,True,True,True,True,True,False
9203432963480220000,9500000000000000833,343296348,0,not_detected,not_detected,True,True,True,False,False,False,False
9203432963481220000,9500000000000000658,343296348,1,confirmed,confirmed,True,True,True,True,True,True,False
9203432963482220000,9500000000000000331,343296348,2,confirmed,confirmed,True,True,True,True,True,True,False
9203441306960220000,9500000000000000823,344130696,0,not_detected,not_detected,True,True,True,False,False,False,False
9203441306961220000,9500000000000000167,344130696,1,confirmed,confirmed,True,True,True,True,True,False,False
9203441306962220000,9500000000000000349,344130696,2,confirmed,confirmed,True,True,True,True,True,False,False
9203537273060220000,9500000000000000626,353727306,0,confirmed,not_detected,True,True,True,True,False,True,False
9203537273061220000,9500000000000000306,353727306,1,confirmed,not_detected,True,True,True,True,False,True,False
9203537273062220000,9500000000000000387,353727306,2,confirmed,confirmed,True,True,True,True,True,False,False
9203702395210220000,9500000000000000491,370239521,0,confirmed,confirmed,True,True,True,True,True,False,False
9203702395211220000,9500000000000000873,370239521,1,confirmed,confirmed,True,True,True,True,True,False,False
9203702395212220000,9500000000000000049,370239521,2,confirmed,confirmed,True,True,True,True,True,False,False
9203751997990220000,9500000000000000542,375199799,0,not_detected,not_detected,True,True,True,False,False,False,False
9203751997991220000,9500000000000000451,375199799,1,not_detected,not_detected,True,True,True,False,False,False,False
9203751997992220000,9500000000000000089,375199799,2,confirmed,confirmed,True,True,True,True,True,True,False
9203802985200220000,9500000000000000496,380298520,0,confirmed,not_detected,True,True,True,True,False,True,False
9203802985201220000,9500000000000000874,380298520,1,confirmed,confirmed,True,True,True,True,True,False,False
9203802985202220000,9500000000000000042,380298520,2,confirmed,candidate,True,True,True,True,False,True,False
9203940154960220000,9500000000000000840,394015496,0,not_detected,not_detected,True,True,True,False,False,False,False
9203940154961220000,9500000000000000662,394015496,1,confirmed,confirmed,True,True,True,True,True,False,False
9203940154962220000,9500000000000000331,394015496,2,confirmed,confirmed,True,True,True,True,True,False,False
9204097327140220000,9500000000000000585,409732714,0,not_detected,not_detected,True,True,True,False,False,False,False
9204097327141220000,9500000000000000873,409732714,1,confirmed,confirmed,True,True,True,True,True,False,False
9204097327142220000,9500000000000000234,409732714,2,not_detected,not_detected,True,True,True,False,False,False,False
9204153372240220000,9500000000000000786,415337224,0,not_detected,confirmed,True,True,True,False,True,False,False
9204153372241220000,9500000000000000458,415337224,1,not_detected,not_detected,True,True,True,False,False,False,False
9204153372242220000,9500000000000000098,415337224,2,confirmed,candidate,True,True,True,True,False,True,False
9204236580360220000,9500000000000000833,423658036,0,not_detected,not_detected,True,True,True,False,False,False,False
9204236580361220000,9500000000000000370,423658036,1,not_detected,not_detected,True,True,True,False,False,False,False
9204236580362220000,9500000000000000042,423658036,2,confirmed,candidate,True,True,True,True,False,True,False
9204286708870220000,9500000000000000833,428670887,0,not_detected,not_detected,True,True,True,False,False,False,False
9204286708871220000,9500000000000000370,428670887,1,confirmed,not_detected,True,True,True,True,False,False,False
9204286708872220000,9500000000000000042,428670887,2,confirmed,candidate,True,True,True,True,False,True,False
9204415007920220000,9500000000000000602,441500792,0,not_detected,not_detected,True,True,True,False,False,False,False
9204415007921220000,9500000000000000322,441500792,1,confirmed,confirmed,True,True,True,True,True,False,False
9204415007922220000,9500000000000000601,441500792,2,confirmed,not_detected,True,True,True,True,False,False,False
9204429622890220000,9500000000000000610,442962289,0,not_detected,not_detected,True,True,True,False,False,False,False
9204429622891220000,9500000000000000458,442962289,1,not_detected,not_detected,True,True,True,False,False,False,False
9204429622892220000,9500000000000000758,442962289,2,confirmed,confirmed,True,True,True,True,True,True,False
9204532101320220000,9500000000000000542,453210132,0,not_detected,not_detected,True,True,True,False,False,False,False
9204532101321220000,9500000000000000451,453210132,1,not_detected,not_detected,True,True,True,False,False,False,False
9204532101322220000,9500000000000000089,453210132,2,confirmed,confirmed,True,True,True,True,True,False,False
9204612032260220000,9500000000000000496,461203226,0,confirmed,not_detected,True,True,True,True,False,True,False
9204612032261220000,9500000000000000472,461203226,1,not_detected,not_detected,True,True,True,False,False,False,False
9204612032262220000,9500000000000000042,461203226,2,confirmed,candidate,True,True,True,True,False,True,False
9206005898020220000,9500000000000000369,600589802,0,not_detected,not_detected,True,True,True,False,False,False,False
9206005898021220000,9500000000000000463,600589802,1,candidate,not_detected,True,True,True,False,False,False,False
9206005898022220000,9500000000000000098,600589802,2,confirmed,candidate,True,True,True,True,False,True,False
9206103375530220000,9500000000000000084,610337553,0,not_detected,not_detected,True,True,True,False,False,False,False
9206103375531220000,9500000000000000449,610337553,1,confirmed,confirmed,True,True,True,True,True,False,False
9206103375532220000,9500000000000000353,610337553,2,confirmed,not_detected,True,True,True,True,False,True,False
9206311612220220000,9500000000000000084,631161222,0,not_detected,not_detected,True,True,True,False,False,False,False
9206311612221220000,9500000000000000477,631161222,1,confirmed,not_detected,True,True,True,True,False,False,False
9206311612222220000,9500000000000000141,631161222,2,confirmed,confirmed,True,True,True,True,True,False,False
9206313449570220000,9500000000000000786,631344957,0,not_detected,confirmed,True,True,True,False,True,False,False
9206313449571220000,9500000000000000156,631344957,1,candidate,confirmed,True,True,True,False,True,False,False
9206313449572220000,9500000000000000141,631344957,2,confirmed,confirmed,True,True,True,True,True,False,False
9206325438790220000,9500000000000000786,632543879,0,not_detected,confirmed,True,True,True,False,True,False,False
9206325438791220000,9500000000000000156,632543879,1,confirmed,confirmed,True,True,True,True,True,True,False
9206325438792220000,9500000000000000141,632543879,2,confirmed,confirmed,True,True,True,True,True,False,False
9206402014500220000,9500000000000000783,640201450,0,confirmed,confirmed,True,True,True,True,True,False,False
9206402014501220000,9500000000000000408,640201450,1,not_detected,not_detected,True,True,True,False,False,False,False
9206402014502220000,9500000000000000291,640201450,2,confirmed,confirmed,True,True,True,True,True,False,False
9206514625820220000,9500000000000000675,651462582,0,confirmed,confirmed,True,True,True,True,True,False,False
9206514625821220000,9500000000000000286,651462582,1,confirmed,confirmed,True,True,True,True,True,False,False
9206514625822220000,9500000000000000218,651462582,2,confirmed,confirmed,True,True,True,True,True,True,False
9206611196730220000,9500000000000000084,661119673,0,not_detected,not_detected,True,True,True,False,False,False,False
9206611196731220000,9500000000000000866,661119673,1,confirmed,not_detected,True,True,True,True,False,True,False
9206611196732220000,9500000000000000099,661119673,2,confirmed,not_detected,True,True,True,True,False,True,False
9206838374510220000,9500000000000000632,683837451,0,not_detected,not_detected,True,True,True,False,False,False,False
9206838374511220000,9500000000000000520,683837451,1,confirmed,confirmed,True,True,True,True,True,False,False
9206838374512220000,9500000000000000353,683837451,2,not_detected,not_detected,True,True,True,False,False,False,False
9206854105700220000,9500000000000000512,685410570,0,not_detected,not_detected,True,True,True,False,False,False,False
9206854105701220000,9500000000000000477,685410570,1,not_detected,not_detected,True,True,True,False,False,False,False
9206854105702220000,9500000000000000218,685410570,2,confirmed,confirmed,True,True,True,True,True,True,False
9206860442190220000,9500000000000000517,686044219,0,not_detected,confirmed,True,True,True,False,True,False,False
9206860442191220000,9500000000000000408,686044219,1,not_detected,not_detected,True,True,True,False,False,False,False
9206860442192220000,9500000000000000141,686044219,2,confirmed,confirmed,True,True,True,True,True,False,False
9207124068090220000,9500000000000000128,712406809,0,confirmed,confirmed,True,True,True,True,True,False,False
9207124068091220000,9500000000000000900,712406809,1,confirmed,confirmed,True,True,True,True,True,False,False
9207124068092220000,9500000000000000170,712406809,2,confirmed,confirmed,True,True,True,True,True,False,False
9207241288060220000,9500000000000000632,724128806,0,candidate,not_detected,True,True,True,False,False,False,False
9207241288061220000,9500000000000000490,724128806,1,not_detected,not_detected,True,True,True,False,False,False,False
9207241288062220000,9500000000000000252,724128806,2,confirmed,confirmed,True,True,True,True,True,True,False
9207330303840220000,9500000000000000845,733030384,0,not_detected,not_detected,True,True,True,False,False,False,False
9207330303841220000,9500000000000000286,733030384,1,confirmed,confirmed,True,True,True,True,True,False,False
9207330303842220000,9500000000000000218,733030384,2,confirmed,confirmed,True,True,True,True,True,True,False
9207620005030220000,9500000000000000769,762000503,0,not_detected,not_detected,True,True,True,False,False,False,False
9207620005031220000,9500000000000000326,762000503,1,not_detected,not_detected,True,True,True,False,False,False,False
9207620005032220000,9500000000000000446,762000503,2,confirmed,confirmed,True,True,True,True,True,False,False
9207755642850220000,9500000000000000544,775564285,0,not_detected,not_detected,True,True,True,False,False,False,False
9207755642851220000,9500000000000000155,775564285,1,confirmed,confirmed,True,True,True,True,True,False,False
9207755642852220000,9500000000000000259,775564285,2,confirmed,candidate,True,True,True,True,False,True,False
9208001263770220000,9500000000000000409,800126377,0,not_detected,not_detected,True,True,True,False,False,False,False
9208001263771220000,9500000000000000870,800126377,1,candidate,not_detected,True,True,True,False,False,False,False
9208001263772220000,9500000000000000601,800126377,2,confirmed,not_detected,True,True,True,True,False,True,False
9208001538450220000,9500000000000000610,800153845,0,not_detected,not_detected,True,True,True,False,False,False,False
9208001538451220000,9500000000000000674,800153845,1,confirmed,not_detected,True,True,True,True,False,True,False
9208001538452220000,9500000000000000089,800153845,2,confirmed,confirmed,True,True,True,True,True,True,False
9208004208120220000,9500000000000000783,800420812,0,confirmed,confirmed,True,True,True,True,True,False,False
9208004208121220000,9500000000000000326,800420812,1,not_detected,not_detected,True,True,True,False,False,False,False
9208004208122220000,9500000000000000141,800420812,2,confirmed,confirmed,True,True,True,True,True,True,False
9208048997340220000,9500000000000000632,804899734,0,candidate,not_detected,True,True,True,False,False,False,False
9208048997341220000,9500000000000000520,804899734,1,confirmed,confirmed,True,True,True,True,True,False,False
9208048997342220000,9500000000000000353,804899734,2,confirmed,not_detected,True,True,True,True,False,True,False
9208424510900220000,9500000000000000512,842451090,0,not_detected,not_detected,True,True,True,False,False,False,False
9208424510901220000,9500000000000000477,842451090,1,not_detected,not_detected,True,True,True,False,False,False,False
9208424510902220000,9500000000000000218,842451090,2,confirmed,confirmed,True,True,True,True,True,True,False
9209002281440220000,9500000000000000632,900228144,0,confirmed,not_detected,True,True,True,True,False,True,False
9209002281441220000,9500000000000000921,900228144,1,candidate,confirmed,True,True,True,False,True,False,False
9209002281442220000,9500000000000000353,900228144,2,confirmed,not_detected,True,True,True,True,False,False,False
9209007625640220000,9500000000000000845,900762564,0,not_detected,not_detected,True,True,True,False,False,False,False
9209007625641220000,9500000000000000286,900762564,1,confirmed,confirmed,True,True,True,True,True,False,False
9209007625642220000,9500000000000000218,900762564,2,confirmed,confirmed,True,True,True,True,True,False,False
9209025145720220000,9500000000000000517,902514572,0,confirmed,confirmed,True,True,True,True,True,False,False
9209025145721220000,9500000000000000408,902514572,1,confirmed,not_detected,True,True,True,True,False,False,False
9209025145722220000,9500000000000000141,902514572,2,confirmed,confirmed,True,True,True,True,True,False,False
9209510160500220000,9500000000000000383,951016050,0,not_detected,not_detected,True,True,True,False,False,False,False
9209510160501220000,9500000000000000410,951016050,1,not_detected,not_detected,True,True,True,False,False,False,False
9209510160502220000,9500000000000000141,951016050,2,confirmed,confirmed,True,True,True,True,True,False,False
9210015453550220000,9500000000000000786,1001545355,0,not_detected,confirmed,True,True,True,False,True,False,False
9210015453551220000,9500000000000000477,1001545355,1,not_detected,not_detected,True,True,True,False,False,False,False
9210015453552220000,9500000000000000141,1001545355,2,confirmed,confirmed,True,True,True,True,True,False,False
9211022426920220000,9500000000000000675,1102242692,0,confirmed,confirmed,True,True,True,True,True,False,False
9211022426921220000,9500000000000000477,1102242692,1,not_detected,not_detected,True,True,True,False,False,False,False
9211022426922220000,9500000000000000291,1102242692,2,confirmed,confirmed,True,True,True,True,True,False,False
9211023464720220000,9500000000000000383,1102346472,0,not_detected,not_detected,True,True,True,False,False,False,False
9211023464721220000,9500000000000000408,1102346472,1,not_detected,not_detected,True,True,True,False,False,False,False
9211023464722220000,9500000000000000141,1102346472,2,confirmed,confirmed,True,True,True,True,True,True,False
9211085050750220000,9500000000000000786,1108505075,0,confirmed,confirmed,True,True,True,True,True,False,False
9211085050751220000,9500000000000000477,1108505075,1,confirmed,not_detected,True,True,True,True,False,False,False
9211085050752220000,9500000000000000218,1108505075,2,confirmed,confirmed,True,True,True,True,True,False,False
9211734239620220000,9500000000000000084,1173423962,0,not_detected,not_detected,True,True,True,False,False,False,False
9211734239621220000,9500000000000000622,1173423962,1,confirmed,candidate,True,True,True,True,False,True,False
9211734239622220000,9500000000000000353,1173423962,2,confirmed,not_detected,True,True,True,True,False,True,False
9212011942720220000,9500000000000000517,1201194272,0,not_detected,confirmed,True,True,True,False,True,False,False
9212011942721220000,9500000000000000408,1201194272,1,not_detected,not_detected,True,True,True,False,False,False,False
9212011942722220000,9500000000000000141,1201194272,2,confirmed,confirmed,True,True,True,True,True,False,False
9213091550880220000,9500000000000000786,1309155088,0,not_detected,confirmed,True,True,True,False,True,False,False
9213091550881220000,9500000000000000477,1309155088,1,not_detected,not_detected,True,True,True,False,False,False,False
9213091550882220000,9500000000000000141,1309155088,2,confirmed,confirmed,True,True,True,True,True,False,False
9218604393620220000,9500000000000000786,1860439362,0,not_detected,confirmed,True,True,True,False,True,False,False
9218604393621220000,9500000000000000286,1860439362,1,confirmed,confirmed,True,True,True,True,True,False,False
9218604393622220000,9500000000000000108,1860439362,2,confirmed,confirmed,True,True,True,True,True,True,False
9219440494270220000,9500000000000000383,1944049427,0,not_detected,not_detected,True,True,True,False,False,False,False
9219440494271220000,9500000000000000408,1944049427,1,not_detected,not_detected,True,True,True,False,False,False,False
9219440494272220000,9500000000000000141,1944049427,2,confirmed,confirmed,True,True,True,True,True,True,False
9219892588830220000,9500000000000000786,1989258883,0,confirmed,confirmed,True,True,True,True,True,False,False
9219892588831220000,9500000000000000458,1989258883,1,not_detected,not_detected,True,True,True,False,False,False,False
9219892588832220000,9500000000000000098,1989258883,2,confirmed,candidate,True,True,True,True,False,True,False
9219898666340220000,9500000000000000084,1989866634,0,not_detected,not_detected,True,True,True,False,False,False,False
9219898666341220000,9500000000000000622,1989866634,1,confirmed,candidate,True,True,True,True,False,True,False
9219898666342220000,9500000000000000353,1989866634,2,confirmed,not_detected,True,True,True,True,False,True,False
9220264456100220000,9500000000000000632,2026445610,0,confirmed,not_detected,True,True,True,True,False,True,False
9220264456101220000,9500000000000000410,2026445610,1,not_detected,not_detected,True,True,True,False,False,False,False
9220264456102220000,9500000000000000291,2026445610,2,confirmed,confirmed,True,True,True,True,True,False,False
9220459706330220000,9500000000000000679,2045970633,0,not_detected,not_detected,True,True,True,False,False,False,False
9220459706331220000,9500000000000000286,2045970633,1,confirmed,confirmed,True,True,True,True,True,False,False
9220459706332220000,9500000000000000218,2045970633,2,confirmed,confirmed,True,True,True,True,True,False,False
9220555040100220000,9500000000000000359,2055504010,0,confirmed,confirmed,True,True,True,True,True,False,False
9220555040101220000,9500000000000000797,2055504010,1,not_detected,not_detected,True,True,True,False,False,False,False
9220555040102220000,9500000000000000695,2055504010,2,confirmed,confirmed,True,True,True,True,True,False,False
