source_id,status,result_sha256
9200084456650220000,complete,a2ce1b7f8fee8e9a344ba18cbd2220138812453dd6948a335244a51d5a79653d
9200084456651110000,complete,f3d32314c4e025c0da8c71117150d50f2cfcc785e22c3361db61bd49b8dd0e89
9200084456651120000,complete,a9402eb9bec25240e244a32789c9b87deca2974f6ebf9c91593c2a6ff45c602b
9200084456651130000,complete,a1ba1b2c57aac1b7f8327f7a32cc54497d7d6d85cb010923769bf73d9c05168f
9200084456651210000,complete,85b2a732f084d264f81c3c14393e117cfbe5e7a1fc8436b8f852a8339e419085
9200084456651220000,complete,fdb0b2d9b028d533d086091c70b9804f920eb8dbb309ba4f1cce5f8dcb97f408
9200084456651220100,complete,aa372dd77c39a1f5af14f3e897e89d728756fe8332fff2c2e39f9387e02bca20
9200084456651220200,complete,901d070d1c429ab5dc4ac39722187bf350b705662efe027c1a8a4973e42d34d0
9200084456651220300,complete,5baa1b4e86fd7aa877b1522dc41784410ce7fd363002cfcc70f1189ade413fd8
9200084456651221000,complete,4818cab4f8e1debe25a82e508660674b10cf0c4fa3f91ab5174edea7c590af3d
9200084456651222000,complete,2f10fb857448b9fa06a46ff657256775a4bc531368c0767812ab47de67467132
9200084456651230000,complete,94de5183ce1de5095ec14f1297eefd497496d9a175b708b8cc49cc230fe11d0d
9200084456651310000,complete,b708567878471ca9492ab7e9684aa999b9f39005449036c7edac504fcf1489c6
9200084456651320000,complete,3859400547b18a56b3828b1e2d5b4a81136a903d82084a9f4e3b9c63633b1ccc
9200084456651330000,complete,d3ac26fcd071ed478d253fffc7aa633c1718e6dcd3d98795478e72712f065758
9200084456652220000,complete,7b91579cf481a11d23b5e44165dfc257022cd9d12f0cda74929cbb32e76d0de5
9200337175650220000,complete,921ae8b3218c856e396e1b16921e4eadb65ca8172969347278486eb8d5e349de
9200337175651110000,complete,c50f99620d90cf2c293a32dca4bc145c4aa65f9706d5d807200a166e66cacc05
9200337175651120000,complete,b46ddadafeaee3ee92a944c3d872b0bf6a0c77b1a53e098336b0ec9731bcad17
9200337175651130000,complete,de51694fd4c482301c6147602e6605bf50ea812cc3cf4758f6786ddd26e08c24
9200337175651210000,complete,8e195a409c3b69d84e2a79b27a3b6adc99ba0451de98b2737f3770dc18d2fb6b
9200337175651220000,complete,49d15a00b2e70784ed8cd3fd1be7fc7b7e9a9df4ae41825775dfa0629dd5eada
9200337175651220001,complete,3e49b022f9a08810f4fcf60d9f49b2be83e493b156568d656a92b4c08a06d7dc
9200337175651220100,complete,b981c7b51f7d11094978df27d135c820a7296f93e658256ecece35db20e36026
9200337175651220200,complete,9caecec07c9dc9d0a4a91c4f215aa397f63d13b8623451a192d885e103982c2d
9200337175651220300,complete,c70b7ab25710757a8f36b685c8efc3ea6da51718c808f745b82075a402b1828e
9200337175651221000,complete,1e9415ae840fcb36f17f26efbc39f61a07cf80fcca21b79c66dc83cb304ec5ee
9200337175651222000,complete,c1d3f94f5252322eac5d107a2c4e4bc8905baa20f12f54d5da925a289ae0ef70
9200337175651230000,complete,bb8940a45386aac193a499f2529c1d41dd7c464d895b771b500ef161f3ee2a5f
9200337175651310000,complete,e1f746d58b157e3863d9657e746d169f6f684250b987f665c76a1c31bc2dd454
9200337175651320000,complete,cdb88bdb3299020a484ff4369f1f5014fa2388db3ec76f65fb18baea57334018
9200337175651330000,complete,cc0c8d545565c71b982afb15d756c40e1644694e8e3813ec6bbb765bcf5654ef
9200337175652220000,complete,2fb4441cbe18dffb82babc768b8efb2d68ac995cd3715ec4b8fbe4a60aaa1584
9201419762470220000,complete,feeb833704659ace0db2fa321a4c3fec761ba00ace5fe15ac4047a4f90d4598e
9201419762471110000,complete,30d666e7a0111b86a33ff988127e6c03e374e0a8a730c9ec257eb34cfdc7acf7
9201419762471120000,complete,7c4afa4eec3f6867663d87e356dc726f3d9c8475cb1da9222c4bf3f56c39521f
9201419762471130000,complete,b55272ced7b2d422ce9390c240411c028b60dbff8c1c1c89ac191143bfb6f418
9201419762471210000,complete,18259313e153f38926c98f0a3a4cc7873341f04649dcd707bb016d29bb47a6c0
9201419762471220000,complete,e19ac11c2a67f92b70fa26b2a672586c549646ead3c31c4db80b65fa10c7d58e
9201419762471220001,complete,5021ffc12b72e59a8f7664175a04aeab1b9274f98a45df07cc219037ab97ef47
9201419762471220100,complete,b3a539e09304ae1fe933c26f0d222834cd2ee92a1a72adf34de96ec5c66c94f9
9201419762471220200,complete,8a504841cf58d0af1a6216213c46d48d1f9d52eb7698e94ac003695526f47196
9201419762471221000,complete,67d9db7091fd8d7ea9f80f26772e1c7ca6a6340fb824323220adb9b6fcc29742
9201419762471222000,complete,f47f7c7ef016a7792e7ddd638fc2272782c6b375567e5628d78be5e76e2d8a60
9201419762471230000,complete,ed5c2ede5d3817df4d1a1803f3046073060c9f217ad49085927abe2774177e7b
9201419762471310000,complete,5e137572201ccf891f8411719e12ca9ba8963589677f56c76ef8fbcaae98870e
9201419762471320000,complete,e7fdc07555e12b85daa2ead74fb0ac917b55b760c3bbe84771c7017ccee78c95
9201419762471330000,complete,efab9a34770960bd5cb83e4faea378449e98da2fbb75bed88f87343da3f0b072
9201419762472220000,complete,20561e2cc73df9ed84475abd8cfedbf1517b1ed335ae52a65faaceadfcd3e200
9202018609260220000,complete,958aa7b0cbb3714055a2dc7e9b182d7128722ded9ca8f3e06970330189581d5e
9202018609261220000,complete,fceaa614509f6eac44013aad6ebfee71ae9454a31f62fc92eaefe24a5f12614e
9202018609261220300,complete,c4d657e1d488023719ae3ce6831f093061e228ac77794600fed93b9a6cd67006
9202018609262220000,complete,7cf56370e72a8689f73732a6f9e12b5bbb5c942c76f9f722ad7bb802b3687477
9202295813360220000,complete,6a5a997392121ee9cf08a9b6b8a3fa4ab6db2b8604d8928fb4f92d03c991c4b4
9202295813361220000,complete,9b913621fd7f30550df8f9e7652d3bb2a1d3d633f3c113d1d8489d9b1b89079d
9202295813362220000,complete,bba2d6492344094c5befe1f87942e85c25581a8a2f1901c37e33e33627ca667b
9206311612220220000,complete,d62d2ebcf507e149497fbf5fbde415441fcaa08343e21d6de11c429ee4300a56
9206311612221220000,complete,9e241a0ba9b2a27a5a221cf6abea20906f1edb75117d2ae1875734280c026cb5
9206311612221220001,complete,00f6c6f3799c82c89d56ed2e4decdce7aa060d66af77a88ade9364b7bd72e4f0
9206311612221220010,complete,e47e223f35779c72db4a2322ee6e36ef90f46ca964d3666fa04e58aaed681ca7
9206311612222220000,complete,b512aa708cf207c87de671920970bb107013b032ecfa8f27517ee2ea8464a953
9206838374510220000,complete,cc1827477ea823097c673f6d21d868972c3614a25d9a3802e318ca8a131bbd8d
9206838374511220000,complete,5aa058055e43a2925da78bf5620dabbc4d62978a289cecbf87dc939db6bb0b37
9206838374512220000,complete,4b3ce01a0c142bffc6a67716f68f9bdfa6466c244d8f6146b2f0e51f7956e754
9207124068090220000,complete,5fb58fc1d71d72b9a5fd1415d28e39a703d9d540a093c7e215502ec9fab0b297
9207124068091220000,complete,fdc7b4293647eefa5f7493ab8df17b581b0cfd36629305bcbc9b2dde465aa03d
9207124068092220000,complete,a861d79d51e755b8e014f58ce0de83de33919de7b532660bea8c45bf6b242189
9218604393620220000,complete,284482041d82af5c21579de3ebb040a3054b0d7b0524098d37a8c111d68fe8da
9218604393621220000,complete,1d2605876eb3a35b41dbdf163184d396cda8c1046fc20dd58b2a089c16a93659
9218604393621220010,complete,e6e8b54f9f961961172a525744e6f19f5a9fa7830b31fbe38577524626e055ee
9218604393622220000,complete,cf1d00d6362f85949b5ec8c55b290da9fe7fb6ef1d5945ce91703e5988bdb4aa
9219892588830220000,complete,32df1411d8e1c6c79528f8701518ef8fd2920da8116c59219626cf50bee944a1
9219892588831220000,complete,7e553b44fac4e6029bbb70f807ad2f2c9690b1ca47ccc5aaa263b355827a610f
9219892588832220000,complete,e533bb78d6420e88049cd0251acca42ac532dc3b5d871c8cf7f856fe4a09c80a
9300084456650220000,complete,7a8f7e9180dfd73c709731079d094707a34537b976b4ec5170b65d9ea6a696e8
9300084456651220000,complete,58da3408f14d07a024fdfd9d6538ebb587f43004a21575fce789c57aa244a6d1
9300084456652220000,complete,d0e1c1f644d473811898dd11aef5b87f475e7262c3fcd43b093fc1d4ba86ad27
9300337175650220000,complete,7cefd53fac4780b85aa270c244fbd746cae88ce71d0e5a0e49b1652dec360b29
9300337175651220000,complete,1b96a837ae321cb6bb5cf19b69a86e2f2a9a93cc669767d1bffdd3db513386c2
9300337175652220000,complete,adc39b867452fffba2033f508f2dee21cd6170683c23c441ff9c78b406f1f5d8
9301419762470220000,complete,f93337160515084b6935b9d67b3d71d5b4d4d488917aa6f69b8a4d0d1612fa87
9301419762471220000,complete,878acdce2bb50f814b9c2de90838a39cd4fa8acb9ab5b0ffcf4fb76fd020693f
9301419762472220000,complete,936ed43777c827db95dd4101eeb50635c4c5c88c4107d42cba9cfb02fd2c2f97
9302018609260220000,complete,dd3fd639f3c6db64f9c8b4c5fbbf25bca53c4153aea3f2ef613eb66dd6189ed1
9302018609261220000,complete,fd67eb5ad34c4a675ab4fac05441de9e7eea1fb1f3ebbb60381c007727ecab13
9302018609262220000,complete,a211d11978a063db64c45e6d245a3abb26499bd7b6f34b3395425e373fef8329
9302295813360220000,complete,2f3d18762d0f0861f8973a3f171aeec10b9bc4131f4505c78458341e6cb82c78
9302295813361220000,complete,18cc58ae4d8854b0744b453cc6ff0c4798a3e05a32c07a84014e77a07f5d5a04
9302295813362220000,complete,2672a5f99b9d0271f9c462b8ba4f2154cce5f044ad7cce40ced4bfbadeb06fce
9306311612220220000,complete,62efd5df44085bc585901fda8382475900ee7b2f33dd082b2fc71aafc781a22a
9306311612221220000,complete,0155006f671ef8c6032a852475c030229828f26ab2f00fe564293aaa06def557
9306311612222220000,complete,ec4b319952d2e1efd6377ce8df870afd8b09064ec9d3529964ebb1f126b9cec3
9306838374510220000,complete,9affbddbb68feff0e75935949b3b293a762f541c0d806f92302ecadd50ddae18
9306838374511220000,complete,4b7126012bb1b6c3be1f3806163d10f5bee562389ec2f34f451012d0c3451a32
9306838374512220000,complete,af1d95c4def2554f9d305cf757b6c8ae7eedf5f8119237d6d42604059b122b7d
9307124068090220000,complete,39bc5f047e4879d84b40863b8004a4cf40295fe04262ec3a8f3660f8bced0f94
9307124068091220000,complete,42fb99ceacf1d2981e1d16782bdcc1109ccf9b4075201a74b7de96ce90381b70
9307124068092220000,complete,b020c957abcb5991b8c56b816f3ad1f04f323340876d36a2231ea62fb8952c64
9318604393620220000,complete,eb19613a33210684fcc21aeea2e03bddecda7cc499b1168ddaac202c978d5cd8
9318604393621220000,complete,9e87003d331556eba086a7c76892cd8fc382abe25256276aef657f1075baf5df
9318604393622220000,complete,114fe7b0c567e944e2f1d33018e92ab0db3f32d145152abf89910b9998ab5d69
9319892588830220000,complete,037f7595d83c3c8b3e178e7db1ec4829a75e1faa38d3951a6dd37c36af0ebeb7
9319892588831220000,complete,3685004e8614cc9a35deb87755fcda0519e4dffcae094b1c148ce4026da0d379
9319892588832220000,complete,bf813b2be745a90281520d56f7fe52e0838d2cc80b856c982b42a28c8fd7bca4
9400000000000000000,complete,a0904da2f649db6cd17df52fdde6cc809bb1f91dd57d0bd9e06d08cdb1732807
9400000000000000034,complete,4073fc0fbdffe0d815fd7803edfd763f9122f52713b769e3612a2c4b930cc622
9400000000000000069,complete,3fbe77203d68a9804bf6519751e4e8d42490adb8bc9d2a5e54b1113dc674627a
9400000000000000103,complete,0a0e96b6c85a2af28e649d0e4fd5b7632715e22a1387be7ce10e51504ffd27f6
9400000000000000138,complete,7d94575902378185cf5c2562da04c639fbe7e0f51a53e6f27534ed8d917a4d43
9400000000000000172,complete,9929dc0fadacff074798481070c9b7fe2b257068ef160e423c16bdc71dc0fafe
9400000000000000207,complete,4dbed7e69fcfd2fd81db6dcaebed6b6c56173b9dc3792f2137afc0fb153d7b24
9400000000000000241,complete,9377a4a044518b355f0b26dd08eb491f5d759dd3df98afef9c4f29f2f6192f4a
9400000000000000276,complete,cca5819c8ab0df63591cafd6b2618c5a7da223dc974e565d8a681b2208dac81e
9400000000000000310,complete,b77e9d5352f6524999b1c688adbe4f57c7c6fb2c4db050e074139ade829a6d68
9400000000000000344,complete,a42804c3528770bbc2e7438897167586a196710b64208a626001d032653a31e2
9400000000000000379,complete,85999b6d25691dbec300662b68571594d0218a9fdf67dda8c2bb94a18771deb4
9400000000000000413,complete,b219dc427b529749c88ecd1e8f7d9dca8c6bc285e8e0483ffd0876001f18fb98
9400000000000000448,complete,e9a6f5c5bddce1216b2cdbeed3972294022870edcd2370ef95b23eeba9d5fb43
9400000000000000482,complete,daa4e04aa77bde922200626d7fabd111eaca8ed6bc01b7615d040dc1d60cc64e
9400000000000000517,complete,4817d9ccc11b6cc6eba81e9894fab5ab9a55a292de9bb54b3b82bd9058d78c83
9400000000000000551,complete,43c2ef687858e973e6271e906056d77042807ecccc95f3e32bfad50594877392
9400000000000000586,complete,4456a339301389acd0cc21d6417a3345bcacd2ab73358308fed8f3adb1119254
9400000000000000620,complete,758f31a87f83894359f524b846f5323849c750851de533587723f6bb08e1dbec
9400000000000000655,complete,d651456aeee4fe6c04e71c1fd0fbf59708a43b44376a40b50a6a2015c0ded24d
9400000000000000689,complete,ebf3b548aff6058fe54ee354816d146346d1a932819ad301f5e3877c793e9ddd
9400000000000000723,complete,6786fbc7d9f4c038a5a2eafc1fb642fb7ddd354c36e11ccc98429842af9985cf
9400000000000000758,complete,38a46bf888e4711818d60aa9d647c79461bfc18d0bac9285cf5a50f3ccaa1a8e
9400000000000000792,complete,f0ebd88884e19935dc33d75b81e01d7fc1202a83dbb9204dff086865d29f8c66
9400000000000000827,complete,4fd0a3d2d5565f7d1e85c8d88791bd54b7da3c21a09eb91ff49ec515eb718680
9400000000000000861,complete,4be9ec0af2b73979579df7e537a7a2d3a5d22bf0e68601d79a273deb4c5cd6bf
9400000000000000896,complete,ff975e4aa85435c0dc60934cecd00bfba6ec9c731b193b48c788b864bc8f7d5f
9400000000000000930,complete,0e953b325775d89e1eca5707d7c785e53610970435a07e55a56b97a51334e39f
9400000000000000965,complete,d15291deb445d96d3ab6cb04d59a2e0f89549b3a1b594c7a076ee08fbc8499d7
9400000000000000999,complete,c0918b3d479671ff05b8591a72506790edc1d90f6ddfd9840ceb652c45846359
9500000000000000014,complete,bcf3d57ff7a5aa1e05dd3d0df7be13eea6401bee58234119df98331fc7f59639
9500000000000000093,complete,a8f8e00aca138b8939aee33f517dc1283b624806e86d129169b8bcd9a01f2264
9500000000000000100,complete,f766ae4a485212aaf945920337324d18326f1d161fdd54c4706d570be0013787
9500000000000000110,complete,67a9ce58ba815f96c4c0687ea7becd041c03065e06d1de9a3135abd9edcd6ab6
9500000000000000118,complete,b2b988cf2c5ee238a214acf5b9cd57cb337965e828634c2d1c86e6525629b885
9500000000000000119,complete,aadfbbcbfaebe0cafd9f7606b78ecb16eecd37fa95b27eb0311aa87dc034fc0e
9500000000000000121,complete,128d8723d03f7bba7fd6821b2dbe9d1ccd302fdc523a4fe7fef5664fefcbe5cd
9500000000000000146,complete,4b1af7f5a13ab2a59a2cac51d1d5c47808543521493afafff85c6b67f408eb47
9500000000000000156,complete,547d717ecd1e5c9d121f2bc7f39c4a764b60df48b7cc74c2db1b34014bd3f46a
9500000000000000174,complete,36255fa86462cea33677efc7c7c0a0533a914fef2f91823be8c336123dd19c86
